data_hora,classe,confianca,distancia_m,profundidade_valida,fps,latencia_inferencia_ms
2026-08-02T14:44:25.527,cardboard,0.964034,0.4014,True,0.00,1492.60
2026-08-02T14:44:25.845,cardboard,0.966101,0.2981,True,0.64,137.42
2026-08-02T14:44:26.156,cardboard,0.964022,0.2930,True,0.64,118.20
2026-08-02T14:44:26.489,cardboard,0.971139,0.2941,True,0.64,122.64
2026-08-02T14:44:26.789,cardboard,0.970766,0.2945,True,8.79,118.56
2026-08-02T14:44:27.103,cardboard,0.972902,0.2945,True,8.79,120.34
2026-08-02T14:44:27.412,cardboard,0.974534,0.3005,True,8.79,116.16
2026-08-02T14:44:27.722,cardboard,0.977463,0.3046,True,8.79,115.00
2026-08-02T14:44:28.026,cardboard,0.931889,0.3064,True,9.37,115.87
2026-08-02T14:44:28.318,cardboard,0.627565,0.3080,True,9.37,117.53
2026-08-02T14:44:28.624,glass,0.460737,0.3283,True,9.37,118.56
2026-08-02T14:44:28.922,glass,0.588783,0.6477,True,10.82,119.59
2026-08-02T14:44:29.224,glass,0.683974,0.6548,True,10.82,116.84
2026-08-02T14:44:29.518,glass,0.754913,0.6578,True,10.82,113.41
2026-08-02T14:44:29.834,glass,0.804554,0.6646,True,10.82,114.34
2026-08-02T14:44:30.138,glass,0.856945,0.6615,True,9.15,113.45
2026-08-02T14:44:30.438,glass,0.886678,0.6591,True,9.15,112.95
2026-08-02T14:44:30.747,glass,0.903261,0.6597,True,9.15,121.28
2026-08-02T14:44:31.094,glass,0.920813,0.6603,True,10.31,118.98
2026-08-02T14:44:31.398,glass,0.915995,0.6646,True,10.31,116.87
2026-08-02T14:44:31.711,glass,0.930657,0.6664,True,10.31,119.89
2026-08-02T14:44:32.014,glass,0.943820,0.6683,True,10.31,117.16
2026-08-02T14:44:32.314,glass,0.953618,0.6683,True,8.98,112.55
2026-08-02T14:44:32.621,glass,0.913206,0.6702,True,8.98,115.64
2026-08-02T14:44:32.927,glass,0.924981,0.6695,True,8.98,114.58
2026-08-02T14:44:33.233,glass,0.933242,0.6683,True,10.52,113.43
2026-08-02T14:44:33.532,glass,0.946013,0.6683,True,10.52,114.92
2026-08-02T14:44:33.847,glass,0.955247,0.6752,True,10.52,120.15
2026-08-02T14:44:34.156,glass,0.941892,0.6784,True,10.52,122.64
2026-08-02T14:44:34.463,glass,0.924634,0.6869,True,9.13,117.29
2026-08-02T14:44:34.776,glass,0.945368,0.6849,True,9.13,121.46
2026-08-02T14:44:35.060,glass,0.951163,0.6830,True,9.13,118.02
2026-08-02T14:44:35.357,glass,0.947373,0.6849,True,10.74,113.06
2026-08-02T14:44:35.704,glass,0.958357,0.6996,True,10.74,132.88
2026-08-02T14:44:36.015,glass,0.938850,0.7010,True,10.74,125.25
2026-08-02T14:44:36.316,glass,0.941331,0.7059,True,10.74,116.73
2026-08-02T14:44:36.643,glass,0.957310,0.7101,True,8.80,117.99
2026-08-02T14:44:37.004,glass,0.964916,0.7093,True,8.80,117.49
2026-08-02T14:44:37.323,glass,0.970250,0.7065,True,8.80,114.07
2026-08-02T14:44:37.632,glass,0.960718,0.7059,True,8.93,113.39
2026-08-02T14:44:37.924,glass,0.967788,0.7059,True,8.93,114.65
2026-08-02T14:44:38.222,glass,0.967085,0.7024,True,8.93,112.98
2026-08-02T14:44:38.522,glass,0.974696,0.7017,True,10.66,113.42
2026-08-02T14:44:38.823,glass,0.640956,0.6759,True,10.66,116.56
2026-08-02T14:44:39.120,cardboard,0.436781,0.3657,True,10.66,113.90
2026-08-02T14:44:39.414,cardboard,0.625000,0.3218,True,10.66,117.86
2026-08-02T14:44:39.731,cardboard,0.745484,0.3218,True,9.45,115.47
2026-08-02T14:44:40.026,cardboard,0.702985,0.3218,True,9.45,115.61
2026-08-02T14:44:40.318,cardboard,0.791690,0.3128,True,9.45,111.30
2026-08-02T14:44:40.623,cardboard,0.860891,0.2905,True,10.73,116.38
2026-08-02T14:44:40.931,cardboard,0.893081,0.2886,True,10.73,112.45
2026-08-02T14:44:41.230,cardboard,0.884278,0.2872,True,10.73,112.20
2026-08-02T14:44:41.544,cardboard,0.874429,0.2868,True,10.73,119.85
2026-08-02T14:44:41.850,cardboard,0.900189,0.2884,True,9.05,112.54
2026-08-02T14:44:42.147,cardboard,0.925949,0.2886,True,9.05,114.37
2026-08-02T14:44:42.454,cardboard,0.936120,0.2888,True,9.05,121.30
2026-08-02T14:44:42.747,cardboard,0.904780,0.3147,True,10.79,119.94
2026-08-02T14:44:43.071,cardboard,0.895114,0.6572,True,10.79,121.59
2026-08-02T14:44:43.377,cardboard,0.915565,0.3390,True,10.79,120.60
2026-08-02T14:44:43.670,cardboard,0.897803,0.2911,True,10.79,122.96
2026-08-02T14:44:43.988,cardboard,0.930877,0.3285,True,9.04,120.47
2026-08-02T14:44:44.283,cardboard,0.953947,0.2955,True,9.04,115.69
2026-08-02T14:44:44.600,cardboard,0.958515,0.2997,True,9.04,118.99
2026-08-02T14:44:44.908,cardboard,0.957502,0.3074,True,10.43,117.05
2026-08-02T14:44:45.213,cardboard,0.792749,0.3191,True,10.43,120.21
2026-08-02T14:44:45.522,cardboard,0.813916,0.3909,True,10.43,115.35
2026-08-02T14:44:45.834,cardboard,0.605777,0.4343,True,10.43,113.74
2026-08-02T14:44:46.132,cardboard,0.485809,0.4041,True,9.02,112.88
2026-08-02T14:44:46.435,paper,0.586001,0.3996,True,9.02,114.08
2026-08-02T14:44:46.755,paper,0.614043,0.4021,True,9.02,124.49
2026-08-02T14:44:47.042,paper,0.512792,0.4154,True,10.56,111.04
2026-08-02T14:44:47.346,cardboard,0.512202,0.4102,True,10.56,122.17
2026-08-02T14:44:47.643,cardboard,0.646915,0.4268,True,10.56,118.88
2026-08-02T14:44:47.956,cardboard,0.725615,0.4749,True,10.56,123.04
2026-08-02T14:44:48.256,cardboard,0.703493,0.5082,True,9.26,120.89
2026-08-02T14:44:48.564,cardboard,0.674667,0.5649,True,9.26,120.30
2026-08-02T14:44:48.865,cardboard,0.669163,0.5805,True,9.26,121.15
2026-08-02T14:44:49.171,cardboard,0.704701,0.5886,True,10.68,120.67
2026-08-02T14:44:49.486,cardboard,0.581879,0.5795,True,10.68,117.59
2026-08-02T14:44:49.791,cardboard,0.690350,0.5270,True,10.68,119.30
2026-08-02T14:44:50.083,cardboard,0.650057,0.5138,True,10.68,115.48
2026-08-02T14:44:50.389,cardboard,0.518634,0.5592,True,9.11,122.72
2026-08-02T14:44:50.695,cardboard,0.385842,0.6362,True,9.11,118.93
2026-08-02T14:44:50.993,paper,0.411277,0.6385,True,9.11,119.26
2026-08-02T14:44:51.280,paper,0.482965,0.6385,True,10.75,118.86
2026-08-02T14:44:51.577,paper,0.379929,0.5969,True,10.75,116.31
2026-08-02T14:44:51.868,paper,0.357690,0.5514,True,10.75,122.10
2026-08-02T14:44:52.162,paper,0.264902,0.5506,True,10.75,118.68
2026-08-02T14:44:52.471,cardboard,0.365155,0.5689,True,9.47,120.90
2026-08-02T14:44:52.785,cardboard,0.367804,0.5925,True,9.47,122.77
2026-08-02T14:44:53.086,cardboard,0.496765,0.5735,True,9.47,117.20
2026-08-02T14:44:53.390,cardboard,0.582517,0.5735,True,10.54,118.31
2026-08-02T14:44:53.699,cardboard,0.687960,0.5881,True,10.54,118.08
2026-08-02T14:44:53.993,cardboard,0.625725,0.6010,True,10.54,120.92
2026-08-02T14:44:54.300,cardboard,0.577180,0.6483,True,10.54,117.47
2026-08-02T14:44:54.605,cardboard,0.495701,0.6804,True,9.14,117.12
2026-08-02T14:44:54.911,cardboard,0.443673,0.6996,True,9.14,117.10
2026-08-02T14:44:55.217,cardboard,0.497743,0.7108,True,9.14,115.98
2026-08-02T14:44:55.526,cardboard,0.510291,0.6996,True,10.49,114.16
2026-08-02T14:44:55.825,cardboard,0.512193,0.6869,True,10.49,115.97
2026-08-02T14:44:56.122,paper,0.450979,0.7122,True,10.49,112.45
2026-08-02T14:44:56.428,cardboard,0.513444,0.7129,True,10.49,116.18
2026-08-02T14:44:56.738,paper,0.402862,0.7115,True,9.26,117.20
2026-08-02T14:44:57.063,paper,0.352423,0.6765,True,9.26,116.57
2026-08-02T14:44:57.372,paper,0.261612,0.6138,True,9.26,118.48
2026-08-02T14:44:57.681,glass,0.272735,0.5795,True,9.86,123.59
2026-08-02T14:44:57.996,glass,0.263003,0.5390,True,9.86,120.68
2026-08-02T14:44:58.300,paper,0.264941,0.2878,True,9.86,118.08
2026-08-02T14:44:58.605,glass,0.259718,0.2893,True,9.86,118.57
2026-08-02T14:44:58.913,paper,0.248914,0.4421,True,9.46,129.76
2026-08-02T14:44:59.235,cardboard,0.376642,0.4230,True,9.46,131.26
2026-08-02T14:44:59.567,cardboard,0.466966,0.2869,True,9.46,130.41
2026-08-02T14:44:59.913,cardboard,0.344853,0.2890,True,9.74,139.52
2026-08-02T14:45:00.224,cardboard,0.328936,0.9556,True,9.74,115.60
2026-08-02T14:45:00.525,paper,0.321561,0.9556,True,9.74,111.94
2026-08-02T14:45:00.823,paper,0.335344,0.9556,True,9.87,117.75
2026-08-02T14:45:01.118,trash,0.384275,0.9530,True,9.87,115.40
2026-08-02T14:45:01.432,trash,0.468910,0.5531,True,9.87,115.79
2026-08-02T14:45:01.738,trash,0.477902,0.5557,True,9.87,113.91
2026-08-02T14:45:02.052,trash,0.518791,0.5566,True,9.16,118.53
2026-08-02T14:45:02.365,paper,0.523205,0.5472,True,9.16,119.28
2026-08-02T14:45:02.652,paper,0.657282,0.4933,True,9.16,119.15
2026-08-02T14:45:02.952,paper,0.641807,0.4753,True,10.61,120.29
2026-08-02T14:45:03.258,paper,0.719380,0.4753,True,10.61,118.54
2026-08-02T14:45:03.567,paper,0.799517,0.4603,True,10.61,119.09
2026-08-02T14:45:03.881,paper,0.718267,0.4203,True,10.61,119.00
2026-08-02T14:45:04.195,paper,0.665430,0.3996,True,9.03,118.13
2026-08-02T14:45:04.498,paper,0.488092,0.4003,True,9.03,116.30
2026-08-02T14:45:04.809,paper,0.413020,0.4035,True,9.03,117.23
2026-08-02T14:45:05.117,paper,0.330986,0.4062,True,10.43,115.58
2026-08-02T14:45:05.410,trash,0.331039,0.4062,True,10.43,116.58
2026-08-02T14:45:05.721,trash,0.326972,0.4003,True,10.43,114.44
2026-08-02T14:45:06.025,glass,0.290696,0.3918,True,10.43,114.30
2026-08-02T14:45:06.319,trash,0.342888,0.3983,True,9.18,114.09
2026-08-02T14:45:06.617,paper,0.273480,0.4314,True,9.18,113.57
2026-08-02T14:45:06.925,glass,0.326692,0.4407,True,9.18,116.19
2026-08-02T14:45:07.227,glass,0.399384,0.4479,True,10.61,114.63
2026-08-02T14:45:07.521,glass,0.437699,0.4615,True,10.61,114.99
2026-08-02T14:45:07.823,glass,0.498960,0.4696,True,10.61,115.82
2026-08-02T14:45:08.120,glass,0.415345,0.4663,True,10.61,114.97
2026-08-02T14:45:08.414,glass,0.302580,0.4524,True,9.46,115.67
2026-08-02T14:45:08.718,glass,0.328016,0.4432,True,9.46,116.10
2026-08-02T14:45:09.024,paper,0.292158,0.4370,True,9.46,115.78
2026-08-02T14:45:09.331,glass,0.436378,0.4228,True,10.59,112.79
2026-08-02T14:45:09.624,glass,0.416451,0.4142,True,10.59,115.56
2026-08-02T14:45:09.913,cardboard,0.303662,0.4166,True,10.59,112.88
2026-08-02T14:45:10.218,paper,0.421337,0.4675,True,10.59,115.31
2026-08-02T14:45:10.515,paper,0.445422,0.4743,True,9.44,115.41
2026-08-02T14:45:10.819,paper,0.541804,0.4709,True,9.44,117.44
2026-08-02T14:45:11.122,paper,0.585735,0.4562,True,9.44,112.14
2026-08-02T14:45:11.417,paper,0.524771,0.4476,True,10.67,112.12
2026-08-02T14:45:11.715,paper,0.550843,0.4454,True,10.67,115.27
2026-08-02T14:45:12.006,paper,0.630127,0.4432,True,10.67,116.50
2026-08-02T14:45:12.306,paper,0.717732,0.4446,True,10.67,118.13
2026-08-02T14:45:12.678,paper,0.739864,0.4429,True,9.47,190.86
2026-08-02T14:45:12.967,paper,0.794100,0.4421,True,9.47,115.49
2026-08-02T14:45:13.279,paper,0.739031,0.4383,True,9.47,112.04
2026-08-02T14:45:13.603,paper,0.783426,0.4375,True,9.61,119.84
2026-08-02T14:45:13.914,paper,0.789135,0.4351,True,9.61,114.00
2026-08-02T14:45:14.203,paper,0.515853,0.4351,True,9.61,119.35
2026-08-02T14:45:14.500,cardboard,0.634421,0.3149,True,9.61,117.24
2026-08-02T14:45:14.804,cardboard,0.755400,0.3028,True,9.53,117.02
2026-08-02T14:45:15.109,cardboard,0.829640,0.3021,True,9.53,114.67
2026-08-02T14:45:15.420,cardboard,0.835613,0.3028,True,9.53,115.57
2026-08-02T14:45:15.718,cardboard,0.869869,0.3447,True,10.53,116.16
2026-08-02T14:45:16.022,cardboard,0.905428,0.3381,True,10.53,116.56
2026-08-02T14:45:16.322,cardboard,0.926869,0.3602,True,10.53,116.75
2026-08-02T14:45:16.619,cardboard,0.939544,0.3265,True,10.53,116.66
2026-08-02T14:45:16.913,cardboard,0.958603,0.2943,True,9.30,116.60
2026-08-02T14:45:17.205,cardboard,0.969595,0.2939,True,9.30,114.81
2026-08-02T14:45:17.513,cardboard,0.975254,0.2918,True,9.30,116.68
2026-08-02T14:45:17.816,cardboard,0.973837,0.2935,True,10.78,117.81
2026-08-02T14:45:18.117,cardboard,0.967840,0.3521,True,10.78,115.88
2026-08-02T14:45:18.427,cardboard,0.962896,0.3566,True,10.78,114.86
2026-08-02T14:45:18.736,cardboard,0.966295,0.3363,True,10.78,114.53
2026-08-02T14:45:19.043,cardboard,0.966358,0.3130,True,9.12,123.16
2026-08-02T14:45:19.351,cardboard,0.966853,0.3187,True,9.12,120.69
2026-08-02T14:45:19.665,cardboard,0.972436,0.3177,True,9.12,119.53
2026-08-02T14:45:19.975,cardboard,0.966772,0.3150,True,10.00,116.53
2026-08-02T14:45:20.327,cardboard,0.973170,0.3173,True,10.00,157.66
2026-08-02T14:45:20.708,cardboard,0.968044,0.3292,True,10.00,121.26
2026-08-02T14:45:21.107,cardboard,0.969451,0.3295,True,8.45,121.00
2026-08-02T14:45:21.499,cardboard,0.959557,0.3297,True,8.45,118.84
2026-08-02T14:45:21.866,cardboard,0.964867,0.3458,True,8.45,121.26
2026-08-02T14:45:22.293,cardboard,0.959975,0.3458,True,7.52,119.34
2026-08-02T14:45:22.673,cardboard,0.966624,0.3405,True,7.52,120.39
2026-08-02T14:45:23.065,cardboard,0.963601,0.3405,True,7.52,122.99
2026-08-02T14:45:23.457,cardboard,0.965087,0.3368,True,7.51,119.85
2026-08-02T14:45:23.820,cardboard,0.964366,0.3410,True,7.51,115.53
2026-08-02T14:45:24.213,cardboard,0.965209,0.3415,True,7.51,120.24
2026-08-02T14:45:24.617,cardboard,0.967211,0.3495,True,7.84,119.05
2026-08-02T14:45:25.014,cardboard,0.966799,0.3415,True,7.84,114.89
2026-08-02T14:45:25.389,cardboard,0.965881,0.3411,True,7.84,116.62
2026-08-02T14:45:25.790,cardboard,0.966660,0.3349,True,7.66,130.34
2026-08-02T14:45:26.156,cardboard,0.946027,0.3382,True,7.66,121.40
2026-08-02T14:45:26.534,cardboard,0.952958,0.3382,True,7.66,114.94
2026-08-02T14:45:26.918,cardboard,0.962251,0.3360,True,7.86,128.66
2026-08-02T14:45:27.309,cardboard,0.964785,0.3408,True,7.86,119.20
2026-08-02T14:45:27.704,cardboard,0.962144,0.3416,True,7.86,129.78
2026-08-02T14:45:28.100,cardboard,0.961808,0.3460,True,7.69,135.36
2026-08-02T14:45:28.490,cardboard,0.962253,0.3515,True,7.69,123.00
2026-08-02T14:45:28.879,cardboard,0.959998,0.3515,True,7.69,126.08
2026-08-02T14:45:29.247,cardboard,0.953281,0.3295,True,7.66,117.32
2026-08-02T14:45:29.653,cardboard,0.959358,0.3304,True,7.66,124.92
2026-08-02T14:45:30.044,cardboard,0.962092,0.3376,True,7.66,121.76
2026-08-02T14:45:30.435,cardboard,0.964273,0.3376,True,7.72,112.17
2026-08-02T14:45:30.829,cardboard,0.967635,0.3399,True,7.72,115.95
2026-08-02T14:45:31.225,cardboard,0.967316,0.3337,True,7.72,114.94
2026-08-02T14:45:31.618,cardboard,0.971654,0.3381,True,7.62,117.97
2026-08-02T14:45:32.002,cardboard,0.966047,0.3381,True,7.62,115.84
2026-08-02T14:45:32.388,cardboard,0.961820,0.3242,True,7.62,120.46
2026-08-02T14:45:32.787,cardboard,0.961763,0.3123,True,7.74,119.18
2026-08-02T14:45:33.189,cardboard,0.966546,0.3123,True,7.74,120.55
2026-08-02T14:45:33.580,cardboard,0.971500,0.3250,True,7.74,121.24
2026-08-02T14:45:33.989,cardboard,0.972757,0.3663,True,7.55,125.82
2026-08-02T14:45:34.389,cardboard,0.972464,0.3663,True,7.55,122.30
2026-08-02T14:45:34.785,cardboard,0.971895,0.3641,True,7.55,120.44
2026-08-02T14:45:35.189,cardboard,0.971913,0.3351,True,7.47,120.65
2026-08-02T14:45:35.600,cardboard,0.971651,0.3351,True,7.47,122.42
2026-08-02T14:45:35.988,cardboard,0.962133,0.3221,True,7.47,119.59
2026-08-02T14:45:36.381,cardboard,0.958726,0.3142,True,7.48,123.03
2026-08-02T14:45:36.780,cardboard,0.955557,0.3142,True,7.48,124.97
2026-08-02T14:45:37.191,cardboard,0.955430,0.3146,True,7.48,126.17
2026-08-02T14:45:37.568,cardboard,0.951336,0.3104,True,7.49,120.55
2026-08-02T14:45:37.928,cardboard,0.957068,0.3147,True,7.49,120.83
2026-08-02T14:45:38.319,cardboard,0.960491,0.3174,True,7.49,118.58
2026-08-02T14:45:38.700,cardboard,0.959877,0.3205,True,7.98,123.77
2026-08-02T14:45:39.135,cardboard,0.960621,0.3188,True,7.98,127.31
2026-08-02T14:45:39.525,cardboard,0.958926,0.3143,True,7.98,115.55
2026-08-02T14:45:39.920,cardboard,0.955872,0.3190,True,7.46,118.51
2026-08-02T14:45:40.311,cardboard,0.958510,0.3236,True,7.46,126.05
2026-08-02T14:45:40.746,cardboard,0.962873,0.3285,True,7.46,150.29
2026-08-02T14:45:41.097,cardboard,0.968868,0.3251,True,7.37,143.67
2026-08-02T14:45:41.395,cardboard,0.957169,0.3198,True,7.37,115.86
2026-08-02T14:45:41.707,cardboard,0.958649,0.3476,True,7.37,118.53
2026-08-02T14:45:42.002,cardboard,0.958559,0.3304,True,9.83,118.64
2026-08-02T14:45:42.308,cardboard,0.959098,0.3381,True,9.83,117.16
2026-08-02T14:45:42.612,cardboard,0.824136,0.3601,True,9.83,116.56
2026-08-02T14:45:42.943,cardboard,0.654276,0.3150,True,9.83,129.37
2026-08-02T14:45:43.254,cardboard,0.626234,0.2847,True,9.32,120.12
2026-08-02T14:45:43.553,cardboard,0.532671,0.2897,True,9.32,120.97
2026-08-02T14:45:43.846,cardboard,0.369267,0.3020,True,9.32,122.06
2026-08-02T14:45:44.164,cardboard,0.464973,0.3312,True,10.58,120.00
2026-08-02T14:45:44.475,cardboard,0.564746,0.3667,True,10.58,118.57
2026-08-02T14:45:44.777,cardboard,0.656469,0.4140,True,10.58,122.83
2026-08-02T14:45:45.087,cardboard,0.645058,0.4359,True,10.58,120.33
2026-08-02T14:45:45.407,cardboard,0.740078,0.4559,True,9.07,116.75
2026-08-02T14:45:45.712,cardboard,0.745843,0.4565,True,9.07,118.61
2026-08-02T14:45:46.056,cardboard,0.742973,0.4565,True,9.07,152.24
2026-08-02T14:45:46.354,cardboard,0.756228,0.4565,True,9.75,124.03
2026-08-02T14:45:46.722,cardboard,0.741974,0.4544,True,9.75,129.22
2026-08-02T14:45:47.117,cardboard,0.704432,0.4547,True,9.75,176.58
2026-08-02T14:45:47.535,cardboard,0.764434,0.4530,True,7.97,140.49
2026-08-02T14:45:47.865,cardboard,0.816307,0.4507,True,7.97,138.69
2026-08-02T14:45:48.221,cardboard,0.793582,0.4487,True,7.97,137.61
2026-08-02T14:45:48.537,cardboard,0.806138,0.4476,True,8.15,113.08
2026-08-02T14:45:48.844,cardboard,0.788999,0.4432,True,8.15,119.66
2026-08-02T14:45:49.172,cardboard,0.685692,0.4418,True,8.15,134.90
2026-08-02T14:45:49.485,cardboard,0.718380,0.4375,True,9.86,117.26
2026-08-02T14:45:49.790,cardboard,0.760090,0.4327,True,9.86,122.68
2026-08-02T14:45:50.096,cardboard,0.776807,0.4288,True,9.86,118.02
2026-08-02T14:45:50.411,cardboard,0.687699,0.4255,True,9.86,116.22
2026-08-02T14:45:50.737,cardboard,0.756557,0.4154,True,9.36,116.96
2026-08-02T14:45:51.043,cardboard,0.713195,0.4154,True,9.36,116.43
2026-08-02T14:45:51.349,cardboard,0.755096,0.4291,True,9.36,119.23
2026-08-02T14:45:51.657,cardboard,0.591714,0.4338,True,9.95,122.74
2026-08-02T14:45:51.960,cardboard,0.476728,0.4386,True,9.95,111.24
2026-08-02T14:45:52.233,cardboard,0.421466,0.4413,True,9.95,115.71
2026-08-02T14:45:52.543,cardboard,0.377882,0.4399,True,9.95,120.14
2026-08-02T14:45:52.861,cardboard,0.435652,0.4375,True,9.75,119.17
2026-08-02T14:45:53.154,cardboard,0.568633,0.4364,True,9.75,120.53
2026-08-02T14:45:53.454,cardboard,0.655656,0.4383,True,9.75,120.78
2026-08-02T14:45:53.742,cardboard,0.610928,0.4432,True,10.80,116.63
2026-08-02T14:45:54.058,cardboard,0.658189,0.4706,True,10.80,121.45
2026-08-02T14:45:54.342,cardboard,0.619402,0.4810,True,10.80,121.12
2026-08-02T14:45:54.651,cardboard,0.608628,0.4820,True,10.80,113.11
2026-08-02T14:45:54.957,cardboard,0.613887,0.4817,True,9.18,121.81
2026-08-02T14:45:55.259,cardboard,0.566944,0.4797,True,9.18,119.57
2026-08-02T14:45:55.615,cardboard,0.625133,0.4791,True,9.18,112.38
2026-08-02T14:45:55.917,cardboard,0.686981,0.4800,True,9.90,115.24
2026-08-02T14:45:56.232,cardboard,0.741729,0.4820,True,9.90,132.69
2026-08-02T14:45:56.561,cardboard,0.729063,0.4807,True,9.90,114.31
2026-08-02T14:45:56.886,cardboard,0.710398,0.4807,True,9.72,127.82
2026-08-02T14:45:57.200,cardboard,0.798560,0.4797,True,9.72,116.60
2026-08-02T14:45:57.494,cardboard,0.843896,0.3381,True,9.72,118.88
2026-08-02T14:45:57.805,cardboard,0.887618,0.4359,True,9.72,121.03
2026-08-02T14:45:58.134,cardboard,0.901087,0.4265,True,8.97,117.59
2026-08-02T14:45:58.428,cardboard,0.925626,0.3237,True,8.97,112.74
2026-08-02T14:45:58.730,cardboard,0.935334,0.3237,True,8.97,116.95
2026-08-02T14:45:59.036,cardboard,0.940051,0.3163,True,10.00,115.46
2026-08-02T14:45:59.331,cardboard,0.954104,0.3163,True,10.00,114.94
2026-08-02T14:45:59.706,cardboard,0.957991,0.3255,True,10.00,175.37
2026-08-02T14:46:00.024,cardboard,0.964856,0.3184,True,9.74,121.65
2026-08-02T14:46:00.352,cardboard,0.969803,0.3147,True,9.74,137.12
2026-08-02T14:46:00.651,cardboard,0.973986,0.3147,True,9.74,116.91
2026-08-02T14:46:00.952,cardboard,0.971916,0.3154,True,9.74,115.90
2026-08-02T14:46:01.262,cardboard,0.975918,0.3205,True,8.93,120.28
2026-08-02T14:46:01.575,cardboard,0.971788,0.3224,True,8.93,119.08
2026-08-02T14:46:01.878,cardboard,0.974892,0.3177,True,8.93,124.18
2026-08-02T14:46:02.189,cardboard,0.977824,0.3177,True,10.41,117.39
2026-08-02T14:46:02.500,cardboard,0.974229,0.3177,True,10.41,115.42
2026-08-02T14:46:02.807,cardboard,0.973434,0.3177,True,10.41,117.53
2026-08-02T14:46:03.114,cardboard,0.976089,0.3234,True,10.41,113.44
2026-08-02T14:46:03.425,cardboard,0.973786,0.3348,True,9.05,112.48
2026-08-02T14:46:03.732,cardboard,0.975064,0.3348,True,9.05,118.04
2026-08-02T14:46:04.033,cardboard,0.978271,0.3240,True,9.05,117.90
2026-08-02T14:46:04.358,cardboard,0.979307,0.3286,True,10.33,119.93
2026-08-02T14:46:04.671,cardboard,0.974966,0.3286,True,10.33,119.69
2026-08-02T14:46:04.973,cardboard,0.979767,0.3265,True,10.33,121.11
2026-08-02T14:46:05.285,cardboard,0.971997,0.3233,True,10.33,119.68
2026-08-02T14:46:05.592,cardboard,0.973252,0.3233,True,9.04,121.17
2026-08-02T14:46:05.904,cardboard,0.977433,0.3233,True,9.04,112.23
2026-08-02T14:46:06.210,cardboard,0.972734,0.3239,True,9.04,115.21
2026-08-02T14:46:06.511,cardboard,0.974671,0.3291,True,10.47,116.73
2026-08-02T14:46:06.820,cardboard,0.973008,0.3180,True,10.47,115.54
2026-08-02T14:46:07.122,cardboard,0.969165,0.3150,True,10.47,113.19
2026-08-02T14:46:07.433,cardboard,0.973856,0.3243,True,10.47,112.24
2026-08-02T14:46:07.753,cardboard,0.971496,0.3215,True,9.11,122.45
2026-08-02T14:46:08.062,cardboard,0.974534,0.3215,True,9.11,123.55
2026-08-02T14:46:08.365,cardboard,0.971612,0.3212,True,9.11,121.22
2026-08-02T14:46:08.677,cardboard,0.973666,0.3279,True,10.44,122.40
2026-08-02T14:46:08.989,cardboard,0.975000,0.3279,True,10.44,117.99
2026-08-02T14:46:09.296,cardboard,0.975576,0.3271,True,10.44,118.85
2026-08-02T14:46:09.608,cardboard,0.971079,0.3208,True,10.44,117.44
2026-08-02T14:46:09.917,cardboard,0.969129,0.3192,True,8.91,115.25
2026-08-02T14:46:10.218,cardboard,0.972820,0.3168,True,8.91,115.48
2026-08-02T14:46:10.507,cardboard,0.977267,0.3250,True,8.91,115.79
2026-08-02T14:46:10.821,cardboard,0.970547,0.3250,True,10.75,116.38
2026-08-02T14:46:11.117,cardboard,0.971467,0.3121,True,10.75,114.92
2026-08-02T14:46:11.416,cardboard,0.970243,0.3239,True,10.75,115.57
2026-08-02T14:46:11.708,cardboard,0.971956,0.3239,True,10.75,115.75
2026-08-02T14:46:12.004,cardboard,0.974839,0.3255,True,9.30,116.21
2026-08-02T14:46:12.298,cardboard,0.973402,0.3255,True,9.30,118.62
2026-08-02T14:46:12.590,cardboard,0.974084,0.3178,True,9.30,117.22
2026-08-02T14:46:12.893,cardboard,0.973606,0.3149,True,10.99,120.67
2026-08-02T14:46:13.201,cardboard,0.973693,0.3210,True,10.99,117.55
2026-08-02T14:46:13.500,cardboard,0.972544,0.3210,True,10.99,115.41
2026-08-02T14:46:13.816,cardboard,0.960389,0.3212,True,10.99,118.84
2026-08-02T14:46:14.120,cardboard,0.965483,0.3212,True,9.03,114.20
2026-08-02T14:46:14.429,cardboard,0.972074,0.3170,True,9.03,113.50
2026-08-02T14:46:14.739,cardboard,0.972175,0.3185,True,9.03,121.13
2026-08-02T14:46:15.055,cardboard,0.976770,0.3214,True,10.40,122.27
2026-08-02T14:46:15.367,cardboard,0.978520,0.3208,True,10.40,120.67
2026-08-02T14:46:15.671,cardboard,0.973845,0.3124,True,10.40,111.34
2026-08-02T14:46:15.989,cardboard,0.972000,0.3146,True,10.40,119.96
2026-08-02T14:46:16.297,cardboard,0.970834,0.3214,True,8.97,117.42
2026-08-02T14:46:16.597,cardboard,0.973015,0.3214,True,8.97,120.93
2026-08-02T14:46:16.903,cardboard,0.972271,0.3223,True,8.97,110.69
2026-08-02T14:46:17.209,cardboard,0.969357,0.3265,True,10.58,116.56
2026-08-02T14:46:17.509,cardboard,0.966375,0.3191,True,10.58,113.74
2026-08-02T14:46:17.807,cardboard,0.969528,0.3182,True,10.58,119.69
2026-08-02T14:46:18.116,cardboard,0.969545,0.3197,True,10.58,114.15
2026-08-02T14:46:18.418,cardboard,0.969512,0.3197,True,9.19,113.96
2026-08-02T14:46:18.715,cardboard,0.974823,0.3220,True,9.19,115.28
2026-08-02T14:46:19.017,cardboard,0.975501,0.3220,True,9.19,117.95
2026-08-02T14:46:19.321,cardboard,0.975503,0.3283,True,10.69,113.22
2026-08-02T14:46:19.623,cardboard,0.975836,0.3448,True,10.69,116.95
2026-08-02T14:46:19.935,cardboard,0.963317,0.3413,True,10.69,113.79
2026-08-02T14:46:20.253,cardboard,0.963485,0.3215,True,10.69,121.16
2026-08-02T14:46:20.545,cardboard,0.967144,0.3085,True,9.02,116.91
2026-08-02T14:46:20.841,cardboard,0.964739,0.3149,True,9.02,114.28
2026-08-02T14:46:21.147,cardboard,0.971224,0.3240,True,9.02,120.77
2026-08-02T14:46:21.457,cardboard,0.967137,0.3197,True,10.75,118.70
2026-08-02T14:46:21.757,cardboard,0.972162,0.3211,True,10.75,122.84
2026-08-02T14:46:22.068,cardboard,0.971257,0.3161,True,10.75,121.54
2026-08-02T14:46:22.380,cardboard,0.975054,0.3228,True,10.75,119.30
2026-08-02T14:46:22.695,cardboard,0.976237,0.3288,True,9.07,120.19
2026-08-02T14:46:23.003,cardboard,0.975300,0.3211,True,9.07,118.38
2026-08-02T14:46:23.312,cardboard,0.976136,0.3088,True,9.07,115.47
2026-08-02T14:46:23.613,cardboard,0.969612,0.3092,True,9.98,117.15
2026-08-02T14:46:23.912,cardboard,0.969969,0.3088,True,9.98,117.27
2026-08-02T14:46:24.230,cardboard,0.964784,0.2970,True,9.98,130.87
2026-08-02T14:46:24.527,cardboard,0.957990,0.2996,True,9.98,113.05
2026-08-02T14:46:24.831,cardboard,0.960633,0.3042,True,9.60,115.72
2026-08-02T14:46:25.139,cardboard,0.966118,0.3067,True,9.60,113.91
2026-08-02T14:46:25.447,cardboard,0.737390,0.2919,True,9.60,111.18
2026-08-02T14:46:25.757,cardboard,0.578073,0.3468,True,10.51,121.35
2026-08-02T14:46:26.060,glass,0.434718,0.8274,True,10.51,119.45
2026-08-02T14:46:26.371,glass,0.626839,0.7193,True,10.51,118.98
2026-08-02T14:46:26.673,glass,0.750719,0.7101,True,10.51,120.78
2026-08-02T14:46:26.980,glass,0.836672,0.7164,True,9.10,119.90
2026-08-02T14:46:27.281,glass,0.892347,0.7179,True,9.10,120.03
2026-08-02T14:46:27.589,glass,0.929047,0.7208,True,9.10,114.80
2026-08-02T14:46:27.895,glass,0.953130,0.7215,True,10.52,112.02
2026-08-02T14:46:28.197,glass,0.968296,0.7237,True,10.52,118.60
2026-08-02T14:46:28.504,glass,0.978012,0.7215,True,10.52,117.87
2026-08-02T14:46:28.819,glass,0.984759,0.7244,True,10.52,119.52
2026-08-02T14:46:29.113,glass,0.989146,0.7303,True,9.09,117.05
2026-08-02T14:46:29.414,glass,0.991086,0.7289,True,9.09,115.81
2026-08-02T14:46:29.718,glass,0.985091,0.6969,True,9.09,117.27
2026-08-02T14:46:30.027,glass,0.655927,0.2970,True,10.69,116.20
2026-08-02T14:46:30.337,glass,0.432555,0.2886,True,10.69,113.98
2026-08-02T14:46:30.632,glass,0.452386,0.2888,True,10.69,113.87
2026-08-02T14:46:30.939,glass,0.619932,0.2931,True,10.69,111.82
2026-08-02T14:46:31.249,glass,0.752393,0.6402,True,9.17,121.99
2026-08-02T14:46:31.565,glass,0.837305,0.6466,True,9.17,119.53
2026-08-02T14:46:31.866,glass,0.885988,0.6460,True,9.17,120.43
2026-08-02T14:46:32.180,glass,0.912737,0.3335,True,10.43,123.92
2026-08-02T14:46:32.478,glass,0.930406,0.3038,True,10.43,119.39
2026-08-02T14:46:32.792,glass,0.941810,0.3038,True,10.43,119.31
2026-08-02T14:46:33.094,glass,0.957538,0.3395,True,10.43,120.73
2026-08-02T14:46:33.380,glass,0.966210,0.3992,True,9.09,118.69
2026-08-02T14:46:33.727,glass,0.974656,0.6273,True,9.09,116.24
2026-08-02T14:46:34.018,glass,0.978133,0.6284,True,9.09,116.35
2026-08-02T14:46:34.316,glass,0.980157,0.6218,True,10.48,112.96
2026-08-02T14:46:34.627,glass,0.983278,0.3167,True,10.48,116.17
2026-08-02T14:46:34.916,glass,0.924853,0.2937,True,10.48,116.40
2026-08-02T14:46:35.225,glass,0.602092,0.2885,True,10.48,113.50
2026-08-02T14:46:35.517,cardboard,0.589089,0.2885,True,9.24,115.41
2026-08-02T14:46:35.798,cardboard,0.729445,0.2902,True,9.24,121.81
2026-08-02T14:46:36.105,cardboard,0.815584,0.2907,True,9.24,117.42
2026-08-02T14:46:36.411,cardboard,0.871611,0.3164,True,10.95,117.96
2026-08-02T14:46:36.710,cardboard,0.903853,0.3464,True,10.95,115.72
2026-08-02T14:46:37.006,cardboard,0.930199,0.3464,True,10.95,115.84
2026-08-02T14:46:37.304,cardboard,0.942125,0.2945,True,10.95,118.20
2026-08-02T14:46:37.615,cardboard,0.955335,0.3001,True,9.30,116.22
2026-08-02T14:46:37.917,cardboard,0.965527,0.3170,True,9.30,114.27
2026-08-02T14:46:38.215,cardboard,0.965433,0.3085,True,9.30,115.90
2026-08-02T14:46:38.529,cardboard,0.971582,0.3000,True,10.52,115.21
2026-08-02T14:46:38.841,cardboard,0.968718,0.2975,True,10.52,126.24
2026-08-02T14:46:39.151,cardboard,0.970972,0.3055,True,10.52,118.88
2026-08-02T14:46:39.463,cardboard,0.972494,0.3121,True,10.52,121.19
2026-08-02T14:46:39.776,cardboard,0.975754,0.3130,True,8.98,121.49
2026-08-02T14:46:40.085,cardboard,0.971816,0.3125,True,8.98,120.09
2026-08-02T14:46:40.377,cardboard,0.973927,0.3195,True,8.98,116.46
2026-08-02T14:46:40.688,cardboard,0.977025,0.3195,True,10.58,119.44
2026-08-02T14:46:41.003,cardboard,0.973386,0.3195,True,10.58,118.43
2026-08-02T14:46:41.296,cardboard,0.978311,0.3211,True,10.58,118.01
2026-08-02T14:46:41.597,cardboard,0.980008,0.3100,True,10.58,119.73
2026-08-02T14:46:41.906,cardboard,0.981449,0.3104,True,9.14,115.02
2026-08-02T14:46:42.200,cardboard,0.980109,0.3104,True,9.14,120.10
2026-08-02T14:46:42.501,cardboard,0.979666,0.3164,True,9.14,115.92
2026-08-02T14:46:42.804,cardboard,0.980311,0.3164,True,10.71,121.01
2026-08-02T14:46:43.114,cardboard,0.983262,0.3181,True,10.71,114.24
2026-08-02T14:46:43.417,cardboard,0.985784,0.3195,True,10.71,114.09
2026-08-02T14:46:43.717,cardboard,0.980422,0.3195,True,10.71,116.87
2026-08-02T14:46:44.025,cardboard,0.980875,0.3168,True,9.16,116.47
2026-08-02T14:46:44.313,cardboard,0.979079,0.3131,True,9.16,113.75
2026-08-02T14:46:44.606,cardboard,0.974762,0.3178,True,9.16,115.50
2026-08-02T14:46:44.911,cardboard,0.971848,0.3106,True,10.93,117.18
2026-08-02T14:46:45.222,cardboard,0.968902,0.3145,True,10.93,115.92
2026-08-02T14:46:45.520,cardboard,0.972640,0.3177,True,10.93,114.39
2026-08-02T14:46:45.813,cardboard,0.976166,0.3145,True,10.93,118.31
2026-08-02T14:46:46.102,cardboard,0.975968,0.3143,True,9.17,111.63
2026-08-02T14:46:46.414,cardboard,0.977018,0.3143,True,9.17,116.10
2026-08-02T14:46:46.722,cardboard,0.980903,0.3173,True,9.17,115.64
2026-08-02T14:46:47.020,cardboard,0.982872,0.3173,True,10.72,115.68
2026-08-02T14:46:47.329,cardboard,0.984226,0.3195,True,10.72,114.53
2026-08-02T14:46:47.632,cardboard,0.985437,0.3141,True,10.72,115.19
2026-08-02T14:46:47.931,cardboard,0.982800,0.3174,True,10.72,114.60
2026-08-02T14:46:48.232,cardboard,0.980192,0.3174,True,9.16,112.14
2026-08-02T14:46:48.544,cardboard,0.974203,0.3223,True,9.16,120.44
2026-08-02T14:46:48.864,cardboard,0.972506,0.3150,True,9.16,123.31
2026-08-02T14:46:49.172,cardboard,0.971283,0.3108,True,10.42,123.47
2026-08-02T14:46:49.472,cardboard,0.974075,0.3150,True,10.42,121.34
2026-08-02T14:46:49.790,cardboard,0.977626,0.3168,True,10.42,119.90
2026-08-02T14:46:50.088,cardboard,0.980555,0.3167,True,10.42,116.01
2026-08-02T14:46:50.387,cardboard,0.976363,0.3180,True,9.08,117.75
2026-08-02T14:46:50.704,cardboard,0.978314,0.3207,True,9.08,118.30
2026-08-02T14:46:51.005,cardboard,0.976526,0.3173,True,9.08,116.61
2026-08-02T14:46:51.305,cardboard,0.971273,0.3173,True,10.59,114.16
2026-08-02T14:46:51.607,cardboard,0.973739,0.3233,True,10.59,116.77
2026-08-02T14:46:51.904,cardboard,0.973710,0.3233,True,10.59,119.97
2026-08-02T14:46:52.206,cardboard,0.972665,0.3233,True,10.59,115.85
2026-08-02T14:46:52.509,cardboard,0.974810,0.3239,True,9.26,116.59
2026-08-02T14:46:52.813,cardboard,0.978300,0.3230,True,9.26,117.32
2026-08-02T14:46:53.109,cardboard,0.974653,0.3218,True,9.26,118.32
2026-08-02T14:46:53.406,cardboard,0.976374,0.3149,True,10.69,116.39
2026-08-02T14:46:53.711,cardboard,0.979928,0.3175,True,10.69,117.69
2026-08-02T14:46:54.020,cardboard,0.981430,0.3166,True,10.69,117.55
2026-08-02T14:46:54.322,cardboard,0.981648,0.3175,True,10.69,113.14
2026-08-02T14:46:54.626,cardboard,0.980029,0.3223,True,9.21,114.56
2026-08-02T14:46:54.927,cardboard,0.983022,0.3223,True,9.21,115.11
2026-08-02T14:46:55.219,cardboard,0.978422,0.3223,True,9.21,114.24
2026-08-02T14:46:55.518,cardboard,0.978967,0.3233,True,10.78,113.31
2026-08-02T14:46:55.821,cardboard,0.980891,0.3233,True,10.78,115.86
2026-08-02T14:46:56.128,cardboard,0.977391,0.3202,True,10.78,112.57
2026-08-02T14:46:56.423,cardboard,0.975893,0.3202,True,10.78,114.61
2026-08-02T14:46:56.726,cardboard,0.975923,0.3124,True,9.25,115.55
2026-08-02T14:46:57.021,cardboard,0.978537,0.2986,True,9.25,116.60
2026-08-02T14:46:57.315,cardboard,0.979111,0.2976,True,9.25,114.27
2026-08-02T14:46:57.619,cardboard,0.978031,0.2975,True,10.90,112.82
2026-08-02T14:46:57.916,cardboard,0.970996,0.3039,True,10.90,113.12
2026-08-02T14:46:58.213,cardboard,0.974384,0.3085,True,10.90,115.32
2026-08-02T14:46:58.521,cardboard,0.962976,0.3078,True,10.90,119.86
2026-08-02T14:46:58.801,cardboard,0.969597,0.3131,True,9.19,120.36
2026-08-02T14:46:59.105,cardboard,0.972262,0.3132,True,9.19,135.47
2026-08-02T14:46:59.411,cardboard,0.968258,0.3003,True,9.19,118.79
2026-08-02T14:46:59.715,cardboard,0.962090,0.2945,True,10.79,117.21
2026-08-02T14:47:00.036,cardboard,0.953932,0.2966,True,10.79,122.31
2026-08-02T14:47:00.413,cardboard,0.957002,0.3038,True,10.79,143.00
2026-08-02T14:47:00.797,cardboard,0.966536,0.3081,True,8.68,143.04
2026-08-02T14:47:01.135,cardboard,0.971337,0.3192,True,8.68,118.85
2026-08-02T14:47:01.496,cardboard,0.960681,0.2950,True,8.68,157.24
2026-08-02T14:47:01.813,cardboard,0.962634,0.2866,True,8.52,118.49
2026-08-02T14:47:02.173,cardboard,0.967826,0.2876,True,8.52,143.54
2026-08-02T14:47:02.487,cardboard,0.951460,0.2921,True,8.52,122.71
2026-08-02T14:47:02.864,cardboard,0.953036,0.2906,True,8.52,138.29
2026-08-02T14:47:03.191,cardboard,0.961425,0.2906,True,8.14,115.35
2026-08-02T14:47:03.502,cardboard,0.962246,0.2924,True,8.14,112.04
2026-08-02T14:47:03.815,cardboard,0.962054,0.2961,True,8.14,114.27
2026-08-02T14:47:04.129,cardboard,0.954889,0.2962,True,9.78,118.97
2026-08-02T14:47:04.439,cardboard,0.960411,0.2908,True,9.78,122.44
2026-08-02T14:47:04.740,cardboard,0.963239,0.2905,True,9.78,114.32
2026-08-02T14:47:05.092,cardboard,0.962796,0.2905,True,9.78,146.94
2026-08-02T14:47:05.427,cardboard,0.963928,0.2905,True,9.13,118.63
2026-08-02T14:47:05.745,cardboard,0.962783,0.2911,True,9.13,111.86
2026-08-02T14:47:06.064,cardboard,0.969172,0.2905,True,9.13,118.75
2026-08-02T14:47:06.402,cardboard,0.967126,0.2902,True,9.61,130.65
2026-08-02T14:47:06.704,cardboard,0.967851,0.2902,True,9.61,126.13
2026-08-02T14:47:07.027,cardboard,0.962234,0.2907,True,9.61,116.12
2026-08-02T14:47:07.335,cardboard,0.958592,0.2900,True,9.78,117.75
2026-08-02T14:47:07.633,cardboard,0.959697,0.2890,True,9.78,111.81
2026-08-02T14:47:07.944,cardboard,0.966538,0.2890,True,9.78,122.24
2026-08-02T14:47:08.241,cardboard,0.966756,0.2902,True,9.78,112.69
2026-08-02T14:47:08.544,cardboard,0.967439,0.2939,True,9.21,118.48
2026-08-02T14:47:08.854,cardboard,0.961728,0.2939,True,9.21,119.95
2026-08-02T14:47:09.163,cardboard,0.949560,0.2907,True,9.21,119.44
2026-08-02T14:47:09.470,cardboard,0.954627,0.2899,True,10.47,123.57
2026-08-02T14:47:09.769,cardboard,0.959035,0.2895,True,10.47,114.35
2026-08-02T14:47:10.076,cardboard,0.954220,0.2900,True,10.47,122.97
2026-08-02T14:47:10.381,cardboard,0.956715,0.2901,True,10.47,118.87
2026-08-02T14:47:10.699,cardboard,0.951785,0.2907,True,9.18,119.93
2026-08-02T14:47:11.012,cardboard,0.956899,0.2924,True,9.18,116.13
2026-08-02T14:47:11.316,cardboard,0.957841,0.2926,True,9.18,116.50
2026-08-02T14:47:11.617,cardboard,0.952060,0.2938,True,10.35,113.05
2026-08-02T14:47:11.927,cardboard,0.958083,0.2956,True,10.35,117.27
2026-08-02T14:47:12.236,cardboard,0.960994,0.2921,True,10.35,110.72
2026-08-02T14:47:12.533,cardboard,0.960199,0.2930,True,10.35,112.30
2026-08-02T14:47:12.839,cardboard,0.960790,0.2897,True,9.19,110.40
2026-08-02T14:47:13.129,cardboard,0.962291,0.2937,True,9.19,120.68
2026-08-02T14:47:13.438,cardboard,0.949155,0.2953,True,9.19,121.79
2026-08-02T14:47:13.788,cardboard,0.951547,0.2936,True,10.44,126.71
2026-08-02T14:47:14.184,cardboard,0.955397,0.2924,True,10.44,134.64
2026-08-02T14:47:14.538,cardboard,0.947623,0.2923,True,10.44,162.84
2026-08-02T14:47:14.997,cardboard,0.954379,0.2908,True,7.45,163.79
2026-08-02T14:47:15.420,cardboard,0.957517,0.2898,True,7.45,133.65
2026-08-02T14:47:15.834,cardboard,0.952794,0.2907,True,7.45,131.43
2026-08-02T14:47:16.247,cardboard,0.945380,0.2917,True,6.81,137.86
2026-08-02T14:47:16.623,cardboard,0.952415,0.2917,True,6.81,119.67
2026-08-02T14:47:17.116,cardboard,0.955815,0.2943,True,7.45,129.93
2026-08-02T14:47:17.545,cardboard,0.953321,0.2931,True,7.45,123.70
2026-08-02T14:47:17.937,cardboard,0.950537,0.2935,True,7.45,150.72
2026-08-02T14:47:18.355,cardboard,0.954228,0.2935,True,6.80,143.68
2026-08-02T14:47:18.733,cardboard,0.960241,0.2924,True,6.80,121.56
2026-08-02T14:47:19.152,cardboard,0.960497,0.2943,True,6.80,134.00
2026-08-02T14:47:19.555,cardboard,0.963998,0.2915,True,7.41,123.96
2026-08-02T14:47:19.923,cardboard,0.967866,0.2928,True,7.41,131.26
2026-08-02T14:47:20.315,cardboard,0.962204,0.2907,True,7.41,116.26
2026-08-02T14:47:20.716,cardboard,0.966193,0.2923,True,7.74,116.85
2026-08-02T14:47:21.118,cardboard,0.964171,0.2923,True,7.74,118.83
2026-08-02T14:47:21.492,cardboard,0.959694,0.2936,True,7.74,118.45
2026-08-02T14:47:21.900,cardboard,0.962906,0.2936,True,7.65,138.94
2026-08-02T14:47:22.306,cardboard,0.959468,0.2936,True,7.65,144.09
2026-08-02T14:47:22.725,cardboard,0.965997,0.2901,True,7.98,143.52
2026-08-02T14:47:23.283,cardboard,0.964730,0.2901,True,7.98,165.86
2026-08-02T14:47:23.653,cardboard,0.964966,0.2955,True,7.98,125.85
2026-08-02T14:47:24.096,cardboard,0.963923,0.2902,True,6.04,147.10
2026-08-02T14:47:24.497,cardboard,0.964077,0.2938,True,6.04,122.63
2026-08-02T14:47:24.890,cardboard,0.963644,0.2938,True,7.95,133.25
2026-08-02T14:47:25.318,cardboard,0.958959,0.2961,True,7.95,127.44
2026-08-02T14:47:25.716,cardboard,0.958037,0.2951,True,7.95,129.46
2026-08-02T14:47:26.125,cardboard,0.953938,0.2927,True,6.63,130.96
2026-08-02T14:47:26.508,cardboard,0.958774,0.2921,True,6.63,131.91
2026-08-02T14:47:26.891,cardboard,0.952854,0.2908,True,6.63,123.81
2026-08-02T14:47:27.300,cardboard,0.954974,0.2914,True,7.66,130.70
2026-08-02T14:47:27.706,cardboard,0.952905,0.2905,True,7.66,129.95
2026-08-02T14:47:28.129,cardboard,0.950723,0.2902,True,7.66,128.31
2026-08-02T14:47:28.521,cardboard,0.955119,0.2906,True,7.27,126.95
2026-08-02T14:47:28.955,cardboard,0.958495,0.2919,True,7.27,128.04
2026-08-02T14:47:29.364,cardboard,0.962878,0.2919,True,7.84,125.94
2026-08-02T14:47:29.768,cardboard,0.960723,0.2898,True,7.84,136.90
2026-08-02T14:47:30.174,cardboard,0.948791,0.2885,True,7.84,135.10
2026-08-02T14:47:30.593,cardboard,0.941929,0.2908,True,6.84,131.39
2026-08-02T14:47:31.014,cardboard,0.931954,0.2908,True,6.84,141.66
2026-08-02T14:47:31.432,cardboard,0.941522,0.2885,True,7.79,136.65
2026-08-02T14:47:31.817,cardboard,0.933392,0.2893,True,7.79,134.59
2026-08-02T14:47:32.217,cardboard,0.946801,0.2918,True,7.79,125.80
2026-08-02T14:47:32.615,cardboard,0.947698,0.2895,True,6.89,125.74
2026-08-02T14:47:33.013,cardboard,0.954650,0.2895,True,6.89,133.49
2026-08-02T14:47:33.430,cardboard,0.942375,0.2895,True,6.89,124.00
2026-08-02T14:47:33.842,cardboard,0.946284,0.2895,True,7.41,123.69
2026-08-02T14:47:34.259,cardboard,0.958246,0.2897,True,7.41,123.44
2026-08-02T14:47:34.686,cardboard,0.942673,0.2899,True,7.80,132.32
2026-08-02T14:47:35.119,cardboard,0.950373,0.2935,True,7.80,127.90
2026-08-02T14:47:35.509,cardboard,0.956774,0.2935,True,7.80,121.03
2026-08-02T14:47:35.919,cardboard,0.941238,0.2912,True,6.65,129.53
2026-08-02T14:47:36.335,cardboard,0.943561,0.2911,True,6.65,122.23
2026-08-02T14:47:36.737,cardboard,0.941999,0.2935,True,7.90,125.50
2026-08-02T14:47:37.127,cardboard,0.941816,0.2935,True,7.90,127.14
2026-08-02T14:47:37.521,cardboard,0.951390,0.2949,True,7.90,125.70
2026-08-02T14:47:37.881,cardboard,0.954408,0.2932,True,7.49,120.65
2026-08-02T14:47:38.271,cardboard,0.959933,0.2930,True,7.49,123.05
2026-08-02T14:47:38.670,cardboard,0.963655,0.2927,True,7.49,133.66
2026-08-02T14:47:39.057,cardboard,0.954493,0.2927,True,7.40,126.36
2026-08-02T14:47:39.548,cardboard,0.951256,0.2944,True,7.40,211.42
2026-08-02T14:47:39.954,cardboard,0.955962,0.2925,True,7.53,130.93
2026-08-02T14:47:40.337,cardboard,0.960406,0.2925,True,7.53,123.79
2026-08-02T14:47:40.730,cardboard,0.963007,0.2944,True,7.53,128.88
2026-08-02T14:47:41.132,cardboard,0.962541,0.2912,True,7.20,118.97
2026-08-02T14:47:41.538,cardboard,0.965470,0.2966,True,7.20,120.24
2026-08-02T14:47:41.943,cardboard,0.962911,0.2924,True,7.20,127.52
2026-08-02T14:47:42.351,cardboard,0.957416,0.2924,True,7.28,120.40
2026-08-02T14:47:42.747,cardboard,0.958907,0.2920,True,7.28,123.30
2026-08-02T14:47:43.128,cardboard,0.952246,0.2904,True,7.28,121.50
2026-08-02T14:47:43.525,cardboard,0.947381,0.2892,True,7.60,121.94
2026-08-02T14:47:43.933,cardboard,0.955345,0.2902,True,7.60,123.70
2026-08-02T14:47:44.332,cardboard,0.943359,0.2902,True,7.60,122.79
2026-08-02T14:47:44.719,cardboard,0.952692,0.2890,True,7.47,122.37
2026-08-02T14:47:45.146,cardboard,0.948021,0.2890,True,7.47,143.31
2026-08-02T14:47:45.550,cardboard,0.941980,0.2901,True,7.47,144.37
2026-08-02T14:47:46.084,cardboard,0.950111,0.2908,True,7.39,160.35
2026-08-02T14:47:46.496,cardboard,0.957923,0.2917,True,7.39,147.84
2026-08-02T14:47:46.922,cardboard,0.952034,0.2935,True,6.67,133.71
2026-08-02T14:47:47.334,cardboard,0.940261,0.2901,True,6.67,135.26
2026-08-02T14:47:47.747,cardboard,0.943369,0.2920,True,6.67,139.13
2026-08-02T14:47:48.165,cardboard,0.946805,0.2920,True,6.97,128.75
2026-08-02T14:47:48.563,cardboard,0.957349,0.2923,True,6.97,143.96
2026-08-02T14:47:48.956,cardboard,0.955566,0.2918,True,6.97,136.99
2026-08-02T14:47:49.410,cardboard,0.958935,0.2915,True,7.44,147.57
2026-08-02T14:47:49.825,cardboard,0.958528,0.2917,True,7.44,148.02
2026-08-02T14:47:50.234,cardboard,0.959564,0.2908,True,7.62,129.48
2026-08-02T14:47:50.621,cardboard,0.952748,0.2909,True,7.62,128.09
2026-08-02T14:47:51.027,cardboard,0.959762,0.2909,True,7.62,124.49
2026-08-02T14:47:51.426,cardboard,0.955979,0.2897,True,6.86,123.33
2026-08-02T14:47:51.829,cardboard,0.951970,0.2897,True,6.86,128.01
2026-08-02T14:47:52.239,cardboard,0.947656,0.2911,True,6.86,137.73
2026-08-02T14:47:52.616,cardboard,0.945655,0.2921,True,7.42,121.60
2026-08-02T14:47:53.026,cardboard,0.952963,0.2906,True,7.42,132.92
2026-08-02T14:47:53.451,cardboard,0.954281,0.2893,True,7.42,127.31
2026-08-02T14:47:53.856,cardboard,0.947144,0.2892,True,7.43,126.10
2026-08-02T14:47:54.270,cardboard,0.955390,0.2890,True,7.43,129.84
2026-08-02T14:47:54.675,cardboard,0.953433,0.2898,True,7.91,123.01
2026-08-02T14:47:55.103,cardboard,0.953499,0.2890,True,7.91,154.66
2026-08-02T14:47:55.521,cardboard,0.947972,0.2901,True,7.91,122.03
2026-08-02T14:47:55.913,cardboard,0.948744,0.2902,True,6.61,118.97
2026-08-02T14:47:56.320,cardboard,0.956921,0.2902,True,6.61,122.39
2026-08-02T14:47:56.689,cardboard,0.948267,0.2898,True,6.61,112.37
2026-08-02T14:47:57.094,cardboard,0.958165,0.2892,True,7.71,136.11
2026-08-02T14:47:57.503,cardboard,0.942953,0.2900,True,7.71,124.51
2026-08-02T14:47:57.895,cardboard,0.931281,0.2905,True,7.71,116.07
2026-08-02T14:47:58.289,cardboard,0.942059,0.2904,True,7.46,120.73
2026-08-02T14:47:58.701,cardboard,0.946682,0.2886,True,7.46,124.14
2026-08-02T14:47:59.081,cardboard,0.949079,0.2887,True,7.46,127.12
2026-08-02T14:47:59.497,cardboard,0.950193,0.2891,True,7.59,118.17
2026-08-02T14:47:59.931,cardboard,0.948008,0.2905,True,7.59,152.44
2026-08-02T14:48:00.386,cardboard,0.957322,0.2904,True,7.51,160.26
2026-08-02T14:48:00.823,cardboard,0.957797,0.2904,True,7.51,143.61
2026-08-02T14:48:01.242,cardboard,0.949941,0.2911,True,7.51,144.40
2026-08-02T14:48:01.668,cardboard,0.947968,0.2914,True,6.39,113.67
2026-08-02T14:48:02.060,cardboard,0.949880,0.2911,True,6.39,120.77
2026-08-02T14:48:02.457,cardboard,0.950527,0.2897,True,7.97,122.32
2026-08-02T14:48:02.858,cardboard,0.954223,0.2899,True,7.97,122.94
2026-08-02T14:48:03.257,cardboard,0.949255,0.2899,True,7.97,121.01
2026-08-02T14:48:03.646,cardboard,0.950232,0.2893,True,6.93,120.09
2026-08-02T14:48:04.038,cardboard,0.943419,0.2902,True,6.93,119.44
2026-08-02T14:48:04.463,cardboard,0.939838,0.2902,True,6.93,122.41
2026-08-02T14:48:04.864,cardboard,0.926267,0.2905,True,7.46,123.99
2026-08-02T14:48:05.265,cardboard,0.935787,0.2898,True,7.46,123.10
2026-08-02T14:48:05.683,cardboard,0.946176,0.2886,True,7.46,120.72
2026-08-02T14:48:06.081,cardboard,0.953532,0.2962,True,7.38,119.19
2026-08-02T14:48:06.476,cardboard,0.955387,0.2902,True,7.38,119.65
2026-08-02T14:48:06.895,cardboard,0.958328,0.2895,True,7.38,121.21
2026-08-02T14:48:07.290,cardboard,0.947743,0.2902,True,7.42,118.11
2026-08-02T14:48:07.683,cardboard,0.949804,0.2924,True,7.42,119.13
2026-08-02T14:48:08.081,cardboard,0.951929,0.2909,True,7.42,117.62
2026-08-02T14:48:08.477,cardboard,0.952421,0.2905,True,7.59,117.91
2026-08-02T14:48:08.881,cardboard,0.956296,0.2905,True,7.59,120.18
2026-08-02T14:48:09.346,cardboard,0.941908,0.2897,True,7.85,146.19
2026-08-02T14:48:09.778,cardboard,0.937069,0.2885,True,7.85,154.48
2026-08-02T14:48:10.153,cardboard,0.937539,0.2879,True,7.85,125.04
2026-08-02T14:48:10.552,cardboard,0.935727,0.2879,True,6.65,119.20
2026-08-02T14:48:10.952,cardboard,0.948639,0.2886,True,6.65,111.93
2026-08-02T14:48:11.353,cardboard,0.946732,0.2898,True,6.65,118.49
2026-08-02T14:48:11.733,cardboard,0.948295,0.2898,True,7.50,115.03
2026-08-02T14:48:12.114,cardboard,0.947326,0.2909,True,7.50,116.59
2026-08-02T14:48:12.511,cardboard,0.949463,0.2909,True,7.50,115.10
2026-08-02T14:48:12.974,cardboard,0.940480,0.2887,True,7.77,132.47
2026-08-02T14:48:13.371,cardboard,0.925283,0.2888,True,7.77,119.06
2026-08-02T14:48:13.752,cardboard,0.939700,0.2890,True,7.72,112.90
2026-08-02T14:48:14.150,cardboard,0.940373,0.2891,True,7.72,119.05
2026-08-02T14:48:14.575,cardboard,0.937944,0.2886,True,7.72,119.36
2026-08-02T14:48:14.947,cardboard,0.935929,0.2880,True,6.82,122.28
2026-08-02T14:48:15.330,cardboard,0.934645,0.2878,True,6.82,116.15
2026-08-02T14:48:15.711,cardboard,0.938106,0.2888,True,6.82,117.63
2026-08-02T14:48:16.131,cardboard,0.948721,0.2895,True,7.92,114.26
2026-08-02T14:48:16.515,cardboard,0.953131,0.2891,True,7.92,116.62
2026-08-02T14:48:16.911,cardboard,0.960298,0.2886,True,7.92,117.05
2026-08-02T14:48:17.290,cardboard,0.960627,0.2897,True,7.50,119.27
2026-08-02T14:48:17.696,cardboard,0.949124,0.2901,True,7.50,123.25
2026-08-02T14:48:18.100,cardboard,0.955584,0.2905,True,7.50,117.15
2026-08-02T14:48:18.496,cardboard,0.962736,0.2891,True,7.57,119.03
2026-08-02T14:48:18.888,cardboard,0.957396,0.2885,True,7.57,120.24
2026-08-02T14:48:19.281,cardboard,0.961713,0.2885,True,7.57,122.01
2026-08-02T14:48:19.678,cardboard,0.956282,0.2886,True,7.62,121.91
2026-08-02T14:48:20.101,cardboard,0.954234,0.2894,True,7.62,118.48
2026-08-02T14:48:20.502,cardboard,0.960477,0.2884,True,7.90,117.18
2026-08-02T14:48:20.905,cardboard,0.961606,0.2881,True,7.90,118.20
2026-08-02T14:48:21.306,cardboard,0.955217,0.2884,True,7.90,114.86
2026-08-02T14:48:21.679,cardboard,0.945543,0.2893,True,6.91,119.26
2026-08-02T14:48:22.056,cardboard,0.947691,0.2887,True,6.91,120.22
2026-08-02T14:48:22.459,cardboard,0.955343,0.2878,True,6.91,119.27
2026-08-02T14:48:22.840,cardboard,0.957339,0.2892,True,7.80,114.97
2026-08-02T14:48:23.221,cardboard,0.963004,0.2900,True,7.80,123.91
2026-08-02T14:48:23.592,cardboard,0.957722,0.2893,True,7.80,119.95
2026-08-02T14:48:23.981,cardboard,0.957368,0.2900,True,7.95,119.22
2026-08-02T14:48:24.379,cardboard,0.959423,0.2900,True,7.95,112.22
2026-08-02T14:48:24.760,cardboard,0.951691,0.2897,True,7.95,119.65
2026-08-02T14:48:25.155,cardboard,0.958052,0.2899,True,7.71,117.35
2026-08-02T14:48:25.539,cardboard,0.952743,0.2899,True,7.71,111.59
2026-08-02T14:48:25.952,cardboard,0.959325,0.2904,True,7.71,120.56
2026-08-02T14:48:26.355,cardboard,0.966230,0.2893,True,7.55,120.03
2026-08-02T14:48:26.762,cardboard,0.962391,0.2893,True,7.55,121.97
2026-08-02T14:48:27.162,cardboard,0.961078,0.2902,True,7.55,117.79
2026-08-02T14:48:27.563,cardboard,0.966719,0.2902,True,7.44,120.52
2026-08-02T14:48:27.966,cardboard,0.964239,0.2900,True,7.44,116.55
2026-08-02T14:48:28.364,cardboard,0.966833,0.2891,True,7.44,113.12
2026-08-02T14:48:28.727,cardboard,0.967340,0.2891,True,7.49,115.69
2026-08-02T14:48:29.157,cardboard,0.966195,0.2891,True,7.49,127.27
2026-08-02T14:48:29.550,cardboard,0.955676,0.2901,True,7.49,119.67
2026-08-02T14:48:29.925,cardboard,0.958448,0.2918,True,7.59,114.73
2026-08-02T14:48:30.298,cardboard,0.961101,0.2909,True,7.59,120.48
2026-08-02T14:48:30.698,cardboard,0.954912,0.2888,True,7.59,120.53
2026-08-02T14:48:31.098,cardboard,0.949126,0.2888,True,7.84,119.91
2026-08-02T14:48:31.517,cardboard,0.948352,0.2925,True,7.84,117.69
2026-08-02T14:48:31.897,cardboard,0.949194,0.2925,True,7.84,119.03
2026-08-02T14:48:32.300,cardboard,0.950137,0.2925,True,7.51,118.51
2026-08-02T14:48:32.699,cardboard,0.955117,0.2938,True,7.51,118.28
2026-08-02T14:48:33.092,cardboard,0.959168,0.2900,True,7.51,121.28
2026-08-02T14:48:33.493,cardboard,0.955351,0.2899,True,7.53,120.81
2026-08-02T14:48:33.882,cardboard,0.960818,0.2899,True,7.53,120.08
2026-08-02T14:48:34.284,cardboard,0.959540,0.2891,True,7.53,117.38
2026-08-02T14:48:34.704,cardboard,0.957460,0.2902,True,7.55,118.71
2026-08-02T14:48:35.089,cardboard,0.965136,0.2920,True,7.55,120.02
2026-08-02T14:48:35.449,cardboard,0.962028,0.2943,True,7.55,129.21
2026-08-02T14:48:35.855,cardboard,0.962956,0.2947,True,7.73,123.94
2026-08-02T14:48:36.251,cardboard,0.965636,0.2921,True,7.73,122.52
2026-08-02T14:48:36.663,cardboard,0.968813,0.2887,True,7.73,123.87
2026-08-02T14:48:37.019,cardboard,0.971070,0.2917,True,7.41,116.24
2026-08-02T14:48:37.391,cardboard,0.974510,0.2905,True,7.41,118.10
2026-08-02T14:48:37.763,cardboard,0.966932,0.2906,True,7.41,121.25
2026-08-02T14:48:38.157,cardboard,0.969910,0.2912,True,8.19,120.74
2026-08-02T14:48:38.563,cardboard,0.968642,0.2914,True,8.19,121.71
2026-08-02T14:48:38.937,cardboard,0.965639,0.2931,True,8.19,110.37
2026-08-02T14:48:39.358,cardboard,0.968612,0.2923,True,7.67,119.55
2026-08-02T14:48:39.780,cardboard,0.971398,0.2920,True,7.67,120.98
2026-08-02T14:48:40.189,cardboard,0.962809,0.2917,True,7.86,122.02
2026-08-02T14:48:40.587,cardboard,0.965703,0.2919,True,7.86,119.91
2026-08-02T14:48:40.975,cardboard,0.962235,0.2917,True,7.86,116.49
2026-08-02T14:48:41.354,cardboard,0.966451,0.2906,True,6.86,119.27
2026-08-02T14:48:41.750,cardboard,0.964423,0.2906,True,6.86,122.24
2026-08-02T14:48:42.186,cardboard,0.969710,0.2920,True,7.98,118.98
2026-08-02T14:48:42.578,cardboard,0.970652,0.2920,True,7.98,119.73
2026-08-02T14:48:42.978,cardboard,0.972331,0.2918,True,7.98,119.53
2026-08-02T14:48:43.362,cardboard,0.972943,0.2907,True,7.31,121.71
2026-08-02T14:48:43.740,cardboard,0.971757,0.2907,True,7.31,112.72
2026-08-02T14:48:44.138,cardboard,0.971408,0.2924,True,7.31,119.47
2026-08-02T14:48:44.533,cardboard,0.971594,0.2924,True,7.49,113.60
2026-08-02T14:48:44.924,cardboard,0.974296,0.2925,True,7.49,113.93
2026-08-02T14:48:45.306,cardboard,0.968728,0.2905,True,7.49,115.05
2026-08-02T14:48:45.698,cardboard,0.973642,0.2908,True,7.71,119.70
2026-08-02T14:48:46.062,cardboard,0.977578,0.2936,True,7.71,121.28
2026-08-02T14:48:46.463,cardboard,0.973077,0.2905,True,7.71,123.41
2026-08-02T14:48:46.888,cardboard,0.971489,0.2905,True,7.78,119.58
2026-08-02T14:48:47.267,cardboard,0.969468,0.2905,True,7.78,121.14
2026-08-02T14:48:47.665,cardboard,0.956280,0.2902,True,7.78,118.31
2026-08-02T14:48:48.063,cardboard,0.958507,0.2902,True,7.49,120.34
2026-08-02T14:48:48.456,cardboard,0.964167,0.2901,True,7.49,117.56
2026-08-02T14:48:48.813,cardboard,0.945323,0.2901,True,7.49,118.80
2026-08-02T14:48:49.206,cardboard,0.956954,0.2888,True,7.84,116.59
2026-08-02T14:48:49.564,cardboard,0.951958,0.2888,True,7.84,121.11
2026-08-02T14:48:49.955,cardboard,0.947419,0.2902,True,7.84,121.06
2026-08-02T14:48:50.355,cardboard,0.944787,0.2902,True,7.88,119.90
2026-08-02T14:48:50.734,cardboard,0.955135,0.2899,True,7.88,114.36
2026-08-02T14:48:51.082,cardboard,0.962689,0.2898,True,7.88,115.35
2026-08-02T14:48:51.474,cardboard,0.967284,0.2923,True,7.99,118.96
2026-08-02T14:48:51.869,cardboard,0.973009,0.2905,True,7.99,112.19
2026-08-02T14:48:52.274,cardboard,0.671159,0.2921,True,7.99,120.27
2026-08-02T14:48:52.630,cardboard,0.488877,0.6869,True,7.55,117.48
2026-08-02T14:48:53.024,cardboard,0.330863,0.6875,True,7.55,117.25
2026-08-02T14:48:53.415,glass,0.350874,0.6771,True,7.55,115.05
2026-08-02T14:48:53.830,glass,0.315764,0.6677,True,7.89,116.55
2026-08-02T14:48:54.228,glass,0.404643,0.6609,True,7.89,116.60
2026-08-02T14:48:54.615,glass,0.398881,0.6524,True,7.89,125.47
2026-08-02T14:48:54.983,glass,0.430904,0.6554,True,7.50,119.87
2026-08-02T14:48:55.368,glass,0.425921,0.6566,True,7.50,126.03
2026-08-02T14:48:55.784,glass,0.428714,0.6664,True,7.50,120.13
2026-08-02T14:48:56.224,glass,0.413507,0.6670,True,7.70,132.41
2026-08-02T14:48:56.553,glass,0.422981,0.6578,True,7.70,122.15
2026-08-02T14:48:56.831,glass,0.419326,0.6597,True,7.70,113.74
2026-08-02T14:48:57.129,glass,0.432874,0.6639,True,8.60,117.08
2026-08-02T14:48:57.433,glass,0.418896,0.6603,True,8.60,111.67
2026-08-02T14:48:57.732,glass,0.431445,0.6639,True,8.60,113.87
2026-08-02T14:48:58.055,glass,0.424451,0.6670,True,10.64,124.01
2026-08-02T14:48:58.352,glass,0.426731,0.6597,True,10.64,111.23
2026-08-02T14:48:58.670,glass,0.437749,0.6530,True,10.64,122.63
2026-08-02T14:48:58.964,glass,0.428819,0.6530,True,10.64,112.40
2026-08-02T14:48:59.259,glass,0.369745,0.6591,True,9.10,112.58
2026-08-02T14:48:59.544,glass,0.341580,0.6578,True,9.10,111.05
2026-08-02T14:48:59.854,metal,0.347145,0.6895,True,9.10,119.22
2026-08-02T14:49:00.160,metal,0.351303,0.6976,True,10.84,119.38
2026-08-02T14:49:00.474,glass,0.421756,0.6915,True,10.84,120.25
2026-08-02T14:49:00.775,glass,0.545696,0.6778,True,10.84,115.13
2026-08-02T14:49:01.081,glass,0.515742,0.6695,True,10.84,121.06
2026-08-02T14:49:01.431,glass,0.451766,0.6267,True,9.07,131.64
2026-08-02T14:49:01.766,glass,0.426350,0.6117,True,9.07,134.50
2026-08-02T14:49:02.139,glass,0.427461,0.6097,True,9.07,167.65
2026-08-02T14:49:02.452,glass,0.461517,0.6045,True,8.51,118.50
2026-08-02T14:49:02.746,glass,0.460165,0.5935,True,8.51,122.49
2026-08-02T14:49:03.058,glass,0.443524,0.5847,True,8.51,117.86
2026-08-02T14:49:03.343,glass,0.441493,0.5685,True,10.62,118.07
2026-08-02T14:49:03.646,glass,0.364988,0.5627,True,10.62,118.03
2026-08-02T14:49:03.952,glass,0.349335,0.5587,True,10.62,116.37
2026-08-02T14:49:04.267,glass,0.448604,0.5561,True,10.62,120.17
2026-08-02T14:49:04.566,glass,0.508258,0.5653,True,9.16,125.06
2026-08-02T14:49:04.879,glass,0.540920,0.5402,True,9.16,120.97
2026-08-02T14:49:05.182,glass,0.495613,0.5091,True,9.16,120.82
2026-08-02T14:49:05.483,glass,0.485041,0.4923,True,10.74,119.39
2026-08-02T14:49:05.793,glass,0.437324,0.4630,True,10.74,117.78
2026-08-02T14:49:06.100,metal,0.379373,0.4627,True,10.74,115.16
2026-08-02T14:49:06.400,glass,0.475292,0.4597,True,10.74,117.32
2026-08-02T14:49:06.706,glass,0.523257,0.4396,True,9.02,119.69
2026-08-02T14:49:06.991,glass,0.617689,0.4169,True,9.02,118.96
2026-08-02T14:49:07.294,glass,0.641528,0.3935,True,9.02,117.37
2026-08-02T14:49:07.599,glass,0.678827,0.3846,True,10.79,118.99
2026-08-02T14:49:07.901,glass,0.740605,0.3693,True,10.79,116.45
2026-08-02T14:49:08.201,glass,0.753734,0.3691,True,10.79,123.02
2026-08-02T14:49:08.505,glass,0.685255,0.3633,True,10.79,115.66
2026-08-02T14:49:08.807,glass,0.624077,0.3655,True,9.21,116.24
2026-08-02T14:49:09.126,glass,0.556836,0.3670,True,9.21,115.73
2026-08-02T14:49:09.422,glass,0.485945,0.3693,True,9.21,112.87
2026-08-02T14:49:09.714,glass,0.517013,0.3708,True,10.59,114.40
2026-08-02T14:49:09.991,glass,0.473463,0.3705,True,10.59,118.34
2026-08-02T14:49:10.280,glass,0.416693,0.3648,True,10.59,118.65
2026-08-02T14:49:10.584,glass,0.541158,0.3515,True,10.59,120.07
2026-08-02T14:49:10.886,glass,0.625491,0.3338,True,9.62,117.03
2026-08-02T14:49:11.193,glass,0.616225,0.3077,True,9.62,118.15
2026-08-02T14:49:11.497,glass,0.723072,0.3128,True,9.62,118.08
2026-08-02T14:49:11.791,glass,0.800862,0.5447,True,10.72,122.41
2026-08-02T14:49:12.120,glass,0.869647,0.5062,True,10.72,113.99
2026-08-02T14:49:12.420,glass,0.903906,0.4188,True,10.72,113.00
2026-08-02T14:49:12.719,glass,0.828200,0.4140,True,10.72,118.21
2026-08-02T14:49:13.027,glass,0.697896,0.4092,True,9.02,112.64
2026-08-02T14:49:13.320,glass,0.605120,0.4690,True,9.02,115.77
2026-08-02T14:49:13.609,glass,0.587359,0.4810,True,9.02,114.48
2026-08-02T14:49:13.903,glass,0.651397,0.4657,True,10.92,115.34
2026-08-02T14:49:14.211,glass,0.747206,0.4366,True,10.92,117.74
2026-08-02T14:49:14.513,glass,0.798536,0.3992,True,10.92,114.41
2026-08-02T14:49:14.811,glass,0.733543,0.4119,True,10.92,117.09
2026-08-02T14:49:15.123,glass,0.506758,0.4119,True,9.22,115.27
2026-08-02T14:49:15.420,paper,0.445189,0.3724,True,9.22,114.07
2026-08-02T14:49:15.742,glass,0.605015,0.3670,True,9.22,112.44
2026-08-02T14:49:16.058,glass,0.459472,0.4823,True,10.00,120.98
2026-08-02T14:49:16.354,glass,0.419706,0.5744,True,10.00,119.32
2026-08-02T14:49:16.659,glass,0.349118,0.6213,True,10.00,116.92
2026-08-02T14:49:16.955,glass,0.311995,0.6267,True,10.00,119.15
2026-08-02T14:49:17.249,glass,0.478891,0.6448,True,9.62,119.10
2026-08-02T14:49:17.547,glass,0.559223,0.6448,True,9.62,120.25
2026-08-02T14:49:17.855,glass,0.617655,0.6390,True,9.62,119.60
2026-08-02T14:49:18.172,glass,0.682051,0.6396,True,10.74,128.17
2026-08-02T14:49:18.488,glass,0.588738,0.6578,True,10.74,119.39
2026-08-02T14:49:18.809,glass,0.512372,0.6677,True,10.74,118.28
2026-08-02T14:49:19.106,glass,0.662151,0.6689,True,10.74,118.51
2026-08-02T14:49:19.409,glass,0.760230,0.6597,True,8.88,114.91
2026-08-02T14:49:19.714,glass,0.708613,0.6483,True,8.88,117.28
2026-08-02T14:49:20.014,glass,0.640872,0.6658,True,8.88,116.52
2026-08-02T14:49:20.321,glass,0.551138,0.6784,True,10.57,114.74
2026-08-02T14:49:20.626,glass,0.582811,0.6778,True,10.57,113.19
2026-08-02T14:49:20.946,glass,0.575202,0.6501,True,10.57,118.85
2026-08-02T14:49:21.247,glass,0.643106,0.6471,True,10.57,121.77
2026-08-02T14:49:21.556,glass,0.730142,0.6425,True,9.09,121.60
2026-08-02T14:49:21.865,glass,0.753369,0.6471,True,9.09,120.08
2026-08-02T14:49:22.174,glass,0.785026,0.6566,True,9.09,120.05
2026-08-02T14:49:22.476,glass,0.827832,0.6566,True,10.43,117.95
2026-08-02T14:49:22.779,glass,0.852528,0.6542,True,10.43,123.05
2026-08-02T14:49:23.088,glass,0.809763,0.6536,True,10.43,118.61
2026-08-02T14:49:23.384,glass,0.795816,0.6519,True,10.43,115.47
2026-08-02T14:49:23.692,glass,0.796175,0.6501,True,9.24,120.47
2026-08-02T14:49:23.997,glass,0.809210,0.6495,True,9.24,118.59
2026-08-02T14:49:24.294,glass,0.821215,0.6489,True,9.24,115.97
2026-08-02T14:49:24.615,glass,0.837838,0.6495,True,10.35,117.35
2026-08-02T14:49:24.913,glass,0.842375,0.6507,True,10.35,114.80
2026-08-02T14:49:25.212,glass,0.806498,0.6519,True,10.35,119.23
2026-08-02T14:49:25.548,glass,0.810640,0.6513,True,10.35,119.11
2026-08-02T14:49:25.853,glass,0.786662,0.6501,True,9.07,120.23
2026-08-02T14:49:26.152,glass,0.787153,0.6495,True,9.07,120.77
2026-08-02T14:49:26.497,glass,0.813455,0.6477,True,9.07,144.00
2026-08-02T14:49:26.802,glass,0.783683,0.6390,True,9.76,117.44
2026-08-02T14:49:27.106,glass,0.641027,0.6208,True,9.76,116.60
2026-08-02T14:49:27.416,glass,0.588631,0.5984,True,9.76,112.73
2026-08-02T14:49:27.732,glass,0.557625,0.5969,True,9.76,116.63
2026-08-02T14:49:28.034,glass,0.518829,0.5999,True,9.49,113.27
2026-08-02T14:49:28.326,glass,0.652495,0.6030,True,9.49,114.14
2026-08-02T14:49:28.630,glass,0.770596,0.6159,True,9.49,114.67
2026-08-02T14:49:28.926,glass,0.837444,0.6213,True,10.73,113.78
2026-08-02T14:49:29.239,glass,0.889242,0.6045,True,10.73,122.01
2026-08-02T14:49:29.556,glass,0.909833,0.5964,True,10.73,117.84
2026-08-02T14:49:29.891,glass,0.894036,0.6035,True,10.73,117.88
2026-08-02T14:49:30.191,glass,0.918988,0.5969,True,8.82,119.47
2026-08-02T14:49:30.497,glass,0.926172,0.5969,True,8.82,119.53
2026-08-02T14:49:30.811,glass,0.922930,0.6040,True,8.82,124.96
2026-08-02T14:49:31.101,glass,0.926118,0.6138,True,10.65,116.56
2026-08-02T14:49:31.438,glass,0.822013,0.5781,True,10.65,114.04
2026-08-02T14:49:31.728,glass,0.697693,0.5247,True,10.65,114.97
2026-08-02T14:49:32.031,glass,0.659716,0.4335,True,10.65,112.34
2026-08-02T14:49:32.332,glass,0.529589,0.4215,True,9.03,113.12
2026-08-02T14:49:32.621,glass,0.497933,0.4144,True,9.03,113.19
2026-08-02T14:49:32.922,glass,0.444412,0.3869,True,9.03,113.71
2026-08-02T14:49:33.220,glass,0.524613,0.3728,True,10.82,115.50
2026-08-02T14:49:33.509,glass,0.510808,0.3538,True,10.82,115.81
2026-08-02T14:49:33.795,glass,0.536213,0.3318,True,10.82,120.23
2026-08-02T14:49:34.102,glass,0.402337,0.3318,True,10.82,116.66
2026-08-02T14:49:34.392,glass,0.354797,0.3392,True,9.49,117.51
2026-08-02T14:49:34.700,glass,0.371980,0.3505,True,9.49,121.41
2026-08-02T14:49:34.998,glass,0.445235,0.3451,True,9.49,115.27
2026-08-02T14:49:35.304,glass,0.484118,0.3286,True,10.73,116.52
2026-08-02T14:49:35.634,glass,0.540947,0.3237,True,10.73,133.28
2026-08-02T14:49:35.969,glass,0.666446,0.3237,True,10.73,125.56
2026-08-02T14:49:36.271,glass,0.640862,0.3420,True,10.73,119.65
2026-08-02T14:49:36.573,glass,0.662716,0.3687,True,8.74,112.15
2026-08-02T14:49:36.882,glass,0.594880,0.3823,True,8.74,117.56
2026-08-02T14:49:37.200,glass,0.613327,0.4021,True,8.74,119.87
2026-08-02T14:49:37.496,glass,0.672236,0.4099,True,10.47,116.53
2026-08-02T14:49:37.790,metal,0.472270,0.4113,True,10.47,117.08
2026-08-02T14:49:38.099,metal,0.583528,0.4156,True,10.47,117.21
2026-08-02T14:49:38.401,metal,0.685776,0.4265,True,10.47,117.38
2026-08-02T14:49:38.713,metal,0.719932,0.4286,True,9.26,118.08
2026-08-02T14:49:39.023,metal,0.793866,0.4380,True,9.26,114.81
2026-08-02T14:49:39.326,metal,0.820960,0.4465,True,9.26,114.13
2026-08-02T14:49:39.627,metal,0.843919,0.4507,True,10.38,114.26
2026-08-02T14:49:39.930,metal,0.856621,0.4530,True,10.38,113.10
2026-08-02T14:49:40.239,metal,0.877822,0.4527,True,10.38,112.26
2026-08-02T14:49:40.563,metal,0.892257,0.4519,True,10.38,120.97
2026-08-02T14:49:40.872,metal,0.886343,0.4544,True,9.08,120.92
2026-08-02T14:49:41.220,metal,0.872050,0.4562,True,9.08,113.42
2026-08-02T14:49:41.528,metal,0.877472,0.4565,True,9.08,111.92
2026-08-02T14:49:41.833,metal,0.814286,0.4565,True,9.71,114.63
2026-08-02T14:49:42.154,metal,0.844722,0.4568,True,9.71,135.70
2026-08-02T14:49:42.470,metal,0.852336,0.4588,True,9.71,118.02
2026-08-02T14:49:42.770,metal,0.855396,0.4718,True,9.93,113.25
2026-08-02T14:49:43.082,metal,0.871304,0.4788,True,9.93,119.68
2026-08-02T14:49:43.392,metal,0.837741,0.4830,True,9.93,116.54
2026-08-02T14:49:43.694,metal,0.845330,0.4936,True,9.93,119.21
2026-08-02T14:49:43.981,metal,0.743840,0.4957,True,9.14,115.69
2026-08-02T14:49:44.289,metal,0.754449,0.5030,True,9.14,118.35
2026-08-02T14:49:44.594,metal,0.740570,0.5083,True,9.14,119.31
2026-08-02T14:49:44.900,metal,0.616124,0.5087,True,10.68,113.05
2026-08-02T14:49:45.245,metal,0.681015,0.5116,True,10.68,120.21
2026-08-02T14:49:45.550,metal,0.725696,0.5134,True,10.68,117.87
2026-08-02T14:49:45.852,metal,0.706438,0.5138,True,10.68,116.12
2026-08-02T14:49:46.172,metal,0.681005,0.5153,True,8.87,131.00
2026-08-02T14:49:46.485,metal,0.605748,0.5142,True,8.87,117.56
2026-08-02T14:49:46.786,glass,0.468820,0.5202,True,8.87,121.34
2026-08-02T14:49:47.102,glass,0.488403,0.5202,True,9.99,116.11
2026-08-02T14:49:47.398,glass,0.542830,0.5232,True,9.99,114.23
2026-08-02T14:49:47.700,glass,0.649907,0.5247,True,9.99,118.52
2026-08-02T14:49:48.018,glass,0.711877,0.5224,True,9.99,114.52
2026-08-02T14:49:48.325,glass,0.767169,0.5153,True,9.45,113.42
2026-08-02T14:49:48.644,glass,0.780999,0.4896,True,9.45,121.07
2026-08-02T14:49:48.935,glass,0.787905,0.4693,True,9.45,112.93
2026-08-02T14:49:49.233,glass,0.807221,0.4627,True,10.48,115.66
2026-08-02T14:49:49.539,glass,0.763135,0.4519,True,10.48,114.89
2026-08-02T14:49:49.852,glass,0.749897,0.4448,True,10.48,113.46
2026-08-02T14:49:50.159,glass,0.553725,0.4263,True,10.48,119.83
2026-08-02T14:49:50.477,metal,0.524282,0.4260,True,9.16,118.77
2026-08-02T14:49:50.777,metal,0.662102,0.4312,True,9.16,121.52
2026-08-02T14:49:51.093,metal,0.729597,0.4346,True,9.16,118.18
2026-08-02T14:49:51.401,metal,0.707918,0.4370,True,10.45,116.71
2026-08-02T14:49:51.707,metal,0.748102,0.4359,True,10.45,117.26
2026-08-02T14:49:52.017,metal,0.792617,0.4375,True,10.45,115.45
2026-08-02T14:49:52.327,metal,0.747966,0.4443,True,10.45,116.02
2026-08-02T14:49:52.633,metal,0.746660,0.4591,True,8.96,112.47
2026-08-02T14:49:52.941,metal,0.750605,0.4651,True,8.96,120.76
2026-08-02T14:49:53.223,metal,0.743521,0.4660,True,8.96,114.99
2026-08-02T14:49:53.536,metal,0.779260,0.4709,True,10.66,115.71
2026-08-02T14:49:53.846,metal,0.754801,0.4846,True,10.66,119.36
2026-08-02T14:49:54.159,metal,0.733066,0.4923,True,10.66,118.66
2026-08-02T14:49:54.458,metal,0.798647,0.4970,True,10.66,117.99
2026-08-02T14:49:54.756,metal,0.768826,0.4974,True,9.10,118.36
2026-08-02T14:49:55.091,metal,0.809647,0.4998,True,9.10,118.42
2026-08-02T14:49:55.400,metal,0.788758,0.5019,True,9.10,117.22
2026-08-02T14:49:55.698,metal,0.768277,0.5019,True,9.93,118.03
2026-08-02T14:49:56.024,metal,0.548213,0.5116,True,9.93,124.85
2026-08-02T14:49:56.349,metal,0.436928,0.6045,True,9.93,119.67
2026-08-02T14:49:56.663,metal,0.380626,0.6086,True,9.81,120.02
2026-08-02T14:49:56.962,paper,0.288218,0.5236,True,9.81,117.94
2026-08-02T14:49:57.276,paper,0.322560,0.5198,True,9.81,119.27
2026-08-02T14:49:57.580,glass,0.354384,0.5198,True,9.81,119.42
2026-08-02T14:49:57.879,glass,0.365742,0.5202,True,9.12,119.48
2026-08-02T14:49:58.194,glass,0.412170,0.4869,True,9.12,119.88
2026-08-02T14:49:58.497,glass,0.401788,0.5087,True,9.12,123.51
2026-08-02T14:49:58.776,glass,0.384818,0.5142,True,10.68,114.73
2026-08-02T14:49:59.070,paper,0.373397,0.4852,True,10.68,121.19
2026-08-02T14:49:59.358,glass,0.364102,0.4570,True,10.68,112.29
2026-08-02T14:49:59.670,paper,0.365039,0.4912,True,10.68,119.27
2026-08-02T14:50:00.006,paper,0.371474,0.5443,True,9.43,123.81
2026-08-02T14:50:00.317,paper,0.349470,0.5314,True,9.43,122.00
2026-08-02T14:50:00.631,paper,0.342604,0.5314,True,9.43,121.53
2026-08-02T14:50:00.931,paper,0.350027,0.5891,True,9.82,117.02
2026-08-02T14:50:01.226,paper,0.369218,0.6218,True,9.82,123.81
2026-08-02T14:50:01.554,paper,0.381764,0.6202,True,9.82,123.47
2026-08-02T14:50:01.915,paper,0.384251,0.5286,True,9.99,142.77
2026-08-02T14:50:02.330,paper,0.347011,0.5365,True,9.99,165.78
2026-08-02T14:50:02.670,paper,0.353159,0.5631,True,9.99,128.82
2026-08-02T14:50:03.021,paper,0.354290,0.5631,True,7.65,143.97
2026-08-02T14:50:03.367,paper,0.362247,0.5726,True,7.65,120.61
2026-08-02T14:50:03.670,paper,0.327194,0.5726,True,7.65,118.13
2026-08-02T14:50:03.989,glass,0.317921,0.6128,True,8.97,117.98
2026-08-02T14:50:04.286,paper,0.364665,0.5240,True,8.97,116.26
2026-08-02T14:50:04.594,paper,0.382764,0.5240,True,8.97,119.84
2026-08-02T14:50:04.902,paper,0.369584,0.5898,True,8.97,115.45
2026-08-02T14:50:05.208,paper,0.357225,0.5365,True,9.46,124.53
2026-08-02T14:50:05.487,paper,0.348950,0.5314,True,9.46,117.28
2026-08-02T14:50:05.801,paper,0.366410,0.5198,True,9.46,119.07
2026-08-02T14:50:06.090,paper,0.341605,0.6138,True,10.83,115.48
2026-08-02T14:50:06.391,paper,0.316365,0.6149,True,10.83,117.06
2026-08-02T14:50:06.690,glass,0.332508,0.6202,True,10.83,116.09
2026-08-02T14:50:06.988,paper,0.341448,0.6175,True,10.83,111.94
2026-08-02T14:50:07.291,glass,0.345397,0.6191,True,9.34,124.71
2026-08-02T14:50:07.598,glass,0.343514,0.6128,True,9.34,115.70
2026-08-02T14:50:07.917,paper,0.350045,0.5689,True,9.34,128.08
2026-08-02T14:50:08.217,paper,0.334656,0.6112,True,10.57,112.07
2026-08-02T14:50:08.513,paper,0.369402,0.6149,True,10.57,112.23
2026-08-02T14:50:08.816,paper,0.394709,0.5984,True,10.57,112.44
2026-08-02T14:50:09.110,paper,0.376283,0.5876,True,10.57,107.47
2026-08-02T14:50:09.399,paper,0.353208,0.5579,True,9.25,111.12
2026-08-02T14:50:09.711,paper,0.333659,0.6117,True,9.25,119.75
2026-08-02T14:50:10.004,glass,0.331067,0.6117,True,9.25,116.05
2026-08-02T14:50:10.303,paper,0.337054,0.6224,True,10.83,116.30
2026-08-02T14:50:10.605,glass,0.344987,0.5974,True,10.83,113.84
2026-08-02T14:50:10.918,paper,0.338727,0.6138,True,10.83,115.81
2026-08-02T14:50:11.237,paper,0.337971,0.6128,True,10.83,137.90
2026-08-02T14:50:11.548,paper,0.344063,0.5447,True,9.00,114.52
2026-08-02T14:50:11.874,glass,0.346775,0.5955,True,9.00,121.42
2026-08-02T14:50:12.176,glass,0.337974,0.5609,True,9.00,121.52
2026-08-02T14:50:12.481,glass,0.362612,0.5862,True,9.95,118.88
2026-08-02T14:50:12.798,paper,0.351172,0.5306,True,9.95,114.64
2026-08-02T14:50:13.102,paper,0.381743,0.5361,True,9.95,117.98
2026-08-02T14:50:13.416,paper,0.357247,0.5270,True,9.95,134.53
2026-08-02T14:50:13.702,paper,0.368015,0.5381,True,9.37,110.83
2026-08-02T14:50:14.049,glass,0.353621,0.5349,True,9.37,152.57
2026-08-02T14:50:14.442,glass,0.363394,0.5349,True,9.37,162.31
2026-08-02T14:50:14.790,glass,0.334312,0.5317,True,8.77,141.36
2026-08-02T14:50:15.097,glass,0.339581,0.5583,True,8.77,118.37
2026-08-02T14:50:15.436,paper,0.337145,0.5940,True,8.77,115.61
2026-08-02T14:50:15.726,paper,0.318983,0.5838,True,9.59,117.25
2026-08-02T14:50:16.026,paper,0.322205,0.5202,True,9.59,115.41
2026-08-02T14:50:16.314,paper,0.334219,0.5838,True,9.59,112.05
2026-08-02T14:50:16.625,paper,0.344114,0.6091,True,9.59,115.88
2026-08-02T14:50:16.926,paper,0.347741,0.6091,True,9.65,111.34
2026-08-02T14:50:17.237,paper,0.340338,0.5974,True,9.65,126.43
2026-08-02T14:50:17.531,paper,0.326761,0.5979,True,9.65,112.39
2026-08-02T14:50:17.854,paper,0.319494,0.5950,True,10.68,118.33
2026-08-02T14:50:18.143,paper,0.353611,0.5263,True,10.68,110.62
2026-08-02T14:50:18.445,paper,0.358702,0.5263,True,10.68,118.47
2026-08-02T14:50:18.746,paper,0.337065,0.5263,True,10.68,109.22
2026-08-02T14:50:19.048,paper,0.341859,0.6045,True,9.17,118.37
2026-08-02T14:50:19.343,paper,0.326218,0.5267,True,9.17,110.49
2026-08-02T14:50:19.645,paper,0.334674,0.5267,True,9.17,115.94
2026-08-02T14:50:19.954,paper,0.360481,0.5680,True,10.64,113.94
2026-08-02T14:50:20.248,paper,0.361061,0.5680,True,10.64,118.61
2026-08-02T14:50:20.538,paper,0.344791,0.5406,True,10.64,121.94
2026-08-02T14:50:20.829,glass,0.344613,0.5592,True,10.64,113.99
2026-08-02T14:50:21.125,paper,0.353892,0.6030,True,9.53,113.13
2026-08-02T14:50:21.427,glass,0.384085,0.6030,True,9.53,118.32
2026-08-02T14:50:21.725,glass,0.378402,0.5645,True,9.53,113.84
2026-08-02T14:50:22.027,glass,0.375189,0.5810,True,10.78,115.28
2026-08-02T14:50:22.308,glass,0.388067,0.5781,True,10.78,117.79
2026-08-02T14:50:22.591,glass,0.362345,0.5735,True,10.78,113.94
2026-08-02T14:50:22.904,paper,0.356270,0.5267,True,10.78,116.58
2026-08-02T14:50:23.191,paper,0.341687,0.4843,True,9.47,117.72
2026-08-02T14:50:23.473,paper,0.340555,0.5596,True,9.47,118.92
2026-08-02T14:50:23.780,paper,0.330227,0.5777,True,9.47,117.34
2026-08-02T14:50:24.111,paper,0.359442,0.6128,True,9.47,147.49
2026-08-02T14:50:24.425,paper,0.376057,0.5361,True,9.95,128.29
2026-08-02T14:50:24.809,paper,0.380304,0.5302,True,9.95,152.54
2026-08-02T14:50:25.111,paper,0.397753,0.5302,True,9.95,120.63
2026-08-02T14:50:25.559,paper,0.386199,0.5583,True,9.00,132.67
2026-08-02T14:50:25.957,paper,0.360740,0.5910,True,9.00,132.80
2026-08-02T14:50:26.340,paper,0.354212,0.6191,True,7.80,121.28
2026-08-02T14:50:26.745,paper,0.344980,0.5910,True,7.80,113.90
2026-08-02T14:50:27.143,paper,0.354427,0.5321,True,7.80,131.77
2026-08-02T14:50:27.538,paper,0.401772,0.5501,True,6.96,115.39
2026-08-02T14:50:27.934,paper,0.368273,0.5833,True,6.96,141.46
2026-08-02T14:50:28.357,paper,0.339203,0.6107,True,7.96,124.67
2026-08-02T14:50:28.775,glass,0.333581,0.5763,True,7.96,124.05
2026-08-02T14:50:29.195,glass,0.351484,0.5430,True,7.96,146.31
2026-08-02T14:50:29.609,glass,0.334585,0.5430,True,6.68,112.88
2026-08-02T14:50:30.026,glass,0.328203,0.5708,True,6.68,117.34
2026-08-02T14:50:30.411,glass,0.350501,0.5886,True,7.91,119.88
2026-08-02T14:50:30.791,glass,0.341569,0.5758,True,7.91,129.81
2026-08-02T14:50:31.195,glass,0.354650,0.5587,True,7.91,138.07
2026-08-02T14:50:31.600,glass,0.336075,0.5570,True,7.42,144.53
2026-08-02T14:50:32.025,glass,0.339457,0.5570,True,7.42,148.22
2026-08-02T14:50:32.398,glass,0.345887,0.5251,True,7.42,126.03
2026-08-02T14:50:32.808,glass,0.327796,0.5251,True,7.18,152.83
2026-08-02T14:50:33.180,paper,0.321677,0.5325,True,7.18,120.97
2026-08-02T14:50:33.582,paper,0.307822,0.5314,True,7.18,119.05
2026-08-02T14:50:34.158,paper,0.312301,0.5468,True,7.60,286.77
2026-08-02T14:50:34.561,glass,0.330289,0.5758,True,7.60,125.74
2026-08-02T14:50:34.948,paper,0.332033,0.5390,True,6.57,125.01
2026-08-02T14:50:35.333,paper,0.313871,0.5040,True,6.57,143.93
2026-08-02T14:50:35.712,paper,0.330800,0.5040,True,6.57,115.15
2026-08-02T14:50:36.110,paper,0.334662,0.6071,True,7.52,131.19
2026-08-02T14:50:36.511,paper,0.351051,0.4807,True,7.52,123.20
2026-08-02T14:50:36.913,paper,0.348214,0.5871,True,7.52,113.15
2026-08-02T14:50:37.310,paper,0.355066,0.5871,True,7.49,143.42
2026-08-02T14:50:37.725,paper,0.345038,0.5523,True,7.49,143.26
2026-08-02T14:50:38.142,paper,0.360996,0.5527,True,7.49,145.51
2026-08-02T14:50:38.546,paper,0.342113,0.5945,True,7.32,139.94
2026-08-02T14:50:39.077,glass,0.333510,0.5676,True,7.32,132.94
2026-08-02T14:50:39.500,glass,0.347669,0.5989,True,6.78,147.14
2026-08-02T14:50:39.904,paper,0.388331,0.5251,True,6.78,132.53
2026-08-02T14:50:40.319,paper,0.375436,0.5251,True,6.78,128.08
2026-08-02T14:50:40.722,paper,0.355020,0.5263,True,6.99,130.00
2026-08-02T14:50:41.139,paper,0.342278,0.5263,True,6.99,125.94
2026-08-02T14:50:41.543,glass,0.363268,0.5345,True,6.99,123.11
2026-08-02T14:50:41.959,glass,0.353853,0.5349,True,7.36,128.40
2026-08-02T14:50:42.348,glass,0.363322,0.5263,True,7.36,120.88
2026-08-02T14:50:42.772,glass,0.376774,0.5263,True,7.92,131.32
2026-08-02T14:50:43.178,glass,0.371517,0.5202,True,7.92,129.60
2026-08-02T14:50:43.576,glass,0.361617,0.5373,True,7.92,121.02
2026-08-02T14:50:43.978,glass,0.355243,0.5527,True,6.84,122.27
2026-08-02T14:50:44.372,glass,0.352878,0.6102,True,6.84,130.84
2026-08-02T14:50:44.778,glass,0.362366,0.6154,True,6.84,130.93
2026-08-02T14:50:45.191,glass,0.373559,0.5791,True,7.49,148.30
2026-08-02T14:50:45.577,glass,0.353017,0.5406,True,7.49,124.22
2026-08-02T14:50:45.969,paper,0.344078,0.5984,True,7.49,129.21
2026-08-02T14:50:46.413,paper,0.338835,0.6235,True,7.56,128.98
2026-08-02T14:50:46.815,paper,0.356236,0.6128,True,7.56,124.85
2026-08-02T14:50:47.230,paper,0.347322,0.6202,True,7.74,128.61
2026-08-02T14:50:47.613,paper,0.361669,0.6045,True,7.74,120.19
2026-08-02T14:50:48.136,paper,0.356564,0.5840,True,7.74,205.56
2026-08-02T14:50:48.565,paper,0.365666,0.5840,True,6.17,122.44
2026-08-02T14:50:48.987,paper,0.324252,0.5259,True,6.17,128.38
2026-08-02T14:50:49.401,glass,0.334494,0.6224,True,7.76,137.06
2026-08-02T14:50:49.804,paper,0.366357,0.6218,True,7.76,127.02
2026-08-02T14:50:50.206,paper,0.395104,0.5979,True,7.76,123.14
2026-08-02T14:50:50.598,paper,0.392719,0.5800,True,6.73,127.60
2026-08-02T14:50:51.003,paper,0.362458,0.6197,True,6.73,123.36
2026-08-02T14:50:51.438,paper,0.352031,0.6197,True,6.73,142.94
2026-08-02T14:50:51.852,glass,0.337977,0.6181,True,7.31,135.59
2026-08-02T14:50:52.277,glass,0.369870,0.6138,True,7.31,147.95
2026-08-02T14:50:52.671,glass,0.379401,0.6020,True,7.86,134.53
2026-08-02T14:50:53.146,glass,0.382855,0.5810,True,7.86,141.88
2026-08-02T14:50:53.568,glass,0.371835,0.5964,True,7.86,136.66
2026-08-02T14:50:53.974,glass,0.365641,0.6181,True,6.30,131.27
2026-08-02T14:50:54.380,paper,0.343970,0.5896,True,6.30,132.19
2026-08-02T14:50:54.785,paper,0.348853,0.6010,True,6.30,143.05
2026-08-02T14:50:55.205,paper,0.369709,0.6112,True,7.39,131.78
2026-08-02T14:50:55.620,paper,0.369655,0.6112,True,7.39,139.90
2026-08-02T14:50:56.019,paper,0.332372,0.5735,True,7.88,118.25
2026-08-02T14:50:56.418,paper,0.346148,0.5455,True,7.88,118.05
2026-08-02T14:50:56.838,paper,0.346074,0.5810,True,7.88,118.36
2026-08-02T14:50:57.230,paper,0.330207,0.5984,True,6.76,114.90
2026-08-02T14:50:57.647,paper,0.351308,0.5984,True,6.76,121.51
2026-08-02T14:50:58.011,paper,0.393439,0.5984,True,6.76,116.13
2026-08-02T14:50:58.404,paper,0.382829,0.5984,True,7.67,116.82
2026-08-02T14:50:58.793,paper,0.340910,0.5726,True,7.67,120.65
2026-08-02T14:50:59.175,paper,0.337073,0.6117,True,7.67,118.35
2026-08-02T14:50:59.551,glass,0.333599,0.5945,True,7.73,117.83
2026-08-02T14:50:59.960,glass,0.317659,0.5653,True,7.73,150.42
2026-08-02T14:51:00.330,paper,0.329156,0.5653,True,7.73,116.80
2026-08-02T14:51:00.724,paper,0.325933,0.6117,True,7.79,116.17
2026-08-02T14:51:01.125,paper,0.313174,0.6117,True,7.79,113.45
2026-08-02T14:51:01.548,paper,0.326552,0.6117,True,7.79,141.68
2026-08-02T14:51:01.936,paper,0.358384,0.6015,True,7.39,112.93
2026-08-02T14:51:02.322,paper,0.327394,0.6015,True,7.39,123.04
2026-08-02T14:51:02.801,paper,0.348968,0.5810,True,7.39,216.29
2026-08-02T14:51:03.185,paper,0.363191,0.5381,True,7.18,112.18
2026-08-02T14:51:03.621,paper,0.343421,0.6045,True,7.18,116.59
2026-08-02T14:51:04.026,paper,0.337440,0.5896,True,7.18,129.83
2026-08-02T14:51:04.408,paper,0.343734,0.5377,True,7.35,117.32
2026-08-02T14:51:04.791,paper,0.344713,0.5435,True,7.35,119.28
2026-08-02T14:51:05.189,paper,0.365597,0.5950,True,7.35,120.08
2026-08-02T14:51:05.574,paper,0.335317,0.5857,True,7.74,118.97
2026-08-02T14:51:05.978,glass,0.314267,0.5876,True,7.74,119.37
2026-08-02T14:51:06.367,paper,0.324047,0.5886,True,7.74,119.87
2026-08-02T14:51:06.747,paper,0.322159,0.5810,True,7.64,126.57
2026-08-02T14:51:07.197,paper,0.317981,0.5810,True,7.64,125.37
2026-08-02T14:51:07.616,glass,0.320489,0.5600,True,7.78,126.61
2026-08-02T14:51:08.086,paper,0.328743,0.5345,True,7.78,147.69
2026-08-02T14:51:08.527,paper,0.330704,0.5402,True,7.78,135.41
2026-08-02T14:51:08.978,paper,0.361613,0.5402,True,6.18,136.96
2026-08-02T14:51:09.465,paper,0.337928,0.5964,True,6.18,144.48
2026-08-02T14:51:09.854,paper,0.328532,0.5373,True,6.94,131.04
2026-08-02T14:51:10.244,glass,0.341123,0.6133,True,6.94,120.09
2026-08-02T14:51:10.679,glass,0.356321,0.6186,True,6.94,114.79
2026-08-02T14:51:11.097,paper,0.342877,0.6112,True,7.00,126.05
2026-08-02T14:51:11.529,glass,0.359865,0.5901,True,7.00,121.30
2026-08-02T14:51:11.951,glass,0.332194,0.5871,True,7.55,122.41
2026-08-02T14:51:12.341,glass,0.339454,0.5901,True,7.55,115.92
2026-08-02T14:51:12.757,glass,0.328153,0.5964,True,7.55,122.24
2026-08-02T14:51:13.175,paper,0.327723,0.5786,True,6.87,123.41
2026-08-02T14:51:13.569,glass,0.351982,0.5247,True,6.87,123.09
2026-08-02T14:51:13.953,glass,0.335986,0.5737,True,6.87,121.27
2026-08-02T14:51:14.380,paper,0.336901,0.4693,True,7.52,123.01
2026-08-02T14:51:14.799,glass,0.320135,0.2938,True,7.52,120.47
2026-08-02T14:51:15.182,paper,0.328614,0.3524,True,7.73,123.59
2026-08-02T14:51:15.577,paper,0.337175,0.3909,True,7.73,119.76
2026-08-02T14:51:15.925,paper,0.381931,0.3669,True,7.73,113.83
2026-08-02T14:51:16.328,paper,0.377979,0.3724,True,7.82,114.33
2026-08-02T14:51:16.724,paper,0.397058,0.3854,True,7.82,116.60
2026-08-02T14:51:17.124,paper,0.398304,0.3854,True,7.82,115.65
2026-08-02T14:51:17.547,paper,0.388718,0.3834,True,7.19,120.50
2026-08-02T14:51:17.979,paper,0.380921,0.3791,True,7.19,122.58
2026-08-02T14:51:18.354,paper,0.332627,0.3791,True,7.85,120.34
2026-08-02T14:51:18.791,glass,0.343521,0.3595,True,7.85,122.12
2026-08-02T14:51:19.176,glass,0.367120,0.3595,True,7.85,124.46
2026-08-02T14:51:19.550,glass,0.331050,0.3063,True,6.77,119.50
2026-08-02T14:51:19.950,glass,0.344420,0.3056,True,6.77,139.12
2026-08-02T14:51:20.355,glass,0.366428,0.3693,True,6.77,124.22
2026-08-02T14:51:20.774,glass,0.330393,0.3933,True,7.63,120.50
2026-08-02T14:51:21.170,paper,0.338269,0.3875,True,7.63,117.79
2026-08-02T14:51:21.595,glass,0.328324,0.3819,True,7.97,119.76
2026-08-02T14:51:22.002,glass,0.384976,0.3827,True,7.97,118.82
2026-08-02T14:51:22.392,glass,0.401250,0.3827,True,7.97,125.83
2026-08-02T14:51:22.795,glass,0.393148,0.3654,True,6.78,118.88
2026-08-02T14:51:23.226,glass,0.360315,0.3194,True,6.78,138.35
2026-08-02T14:51:23.625,glass,0.352961,0.3244,True,7.83,119.56
2026-08-02T14:51:24.001,glass,0.382016,0.3112,True,7.83,121.07
2026-08-02T14:51:24.399,glass,0.370598,0.3109,True,7.83,127.77
2026-08-02T14:51:24.787,glass,0.362906,0.3086,True,7.55,122.75
2026-08-02T14:51:25.178,glass,0.366583,0.3088,True,7.55,124.67
2026-08-02T14:51:25.551,glass,0.387392,0.3088,True,7.55,114.62
2026-08-02T14:51:25.958,glass,0.358248,0.3265,True,7.42,135.10
2026-08-02T14:51:26.271,glass,0.391680,0.3334,True,7.42,123.43
2026-08-02T14:51:26.607,glass,0.368966,0.3577,True,7.42,133.76
2026-08-02T14:51:26.911,glass,0.385613,0.3642,True,8.53,117.19
2026-08-02T14:51:27.206,glass,0.402497,0.3676,True,8.53,116.20
2026-08-02T14:51:27.506,glass,0.367987,0.3536,True,8.53,116.36
2026-08-02T14:51:27.814,glass,0.419279,0.3174,True,10.74,120.81
2026-08-02T14:51:28.114,glass,0.392143,0.3174,True,10.74,114.42
2026-08-02T14:51:28.415,glass,0.329803,0.6245,True,10.74,114.72
2026-08-02T14:51:28.719,glass,0.440018,0.6862,True,10.74,118.28
2026-08-02T14:51:29.021,glass,0.432002,0.6683,True,9.19,114.69
2026-08-02T14:51:29.322,glass,0.508315,0.6739,True,9.19,112.09
2026-08-02T14:51:29.611,cardboard,0.405352,0.6536,True,9.19,114.91
2026-08-02T14:51:29.916,cardboard,0.603281,0.4849,True,10.86,116.44
2026-08-02T14:51:30.220,cardboard,0.724088,0.2925,True,10.86,117.08
2026-08-02T14:51:30.514,cardboard,0.813227,0.9633,True,10.86,115.25
2026-08-02T14:51:30.812,cardboard,0.864267,0.9633,True,10.86,115.71
2026-08-02T14:51:31.115,cardboard,0.903270,0.2939,True,9.25,113.84
2026-08-02T14:51:31.415,cardboard,0.921141,0.2937,True,9.25,116.49
2026-08-02T14:51:31.739,cardboard,0.936219,0.2937,True,9.25,111.41
2026-08-02T14:51:32.048,cardboard,0.937077,0.2943,True,9.99,118.92
2026-08-02T14:51:32.355,cardboard,0.948183,0.2932,True,9.99,120.52
2026-08-02T14:51:32.655,cardboard,0.954629,0.2921,True,9.99,119.36
2026-08-02T14:51:32.959,cardboard,0.953741,0.2937,True,9.99,116.65
2026-08-02T14:51:33.258,cardboard,0.959774,0.2937,True,9.60,117.27
2026-08-02T14:51:33.564,cardboard,0.889639,0.2925,True,9.60,119.90
2026-08-02T14:51:33.855,cardboard,0.591313,0.2888,True,9.60,111.91
2026-08-02T14:51:34.166,paper,0.451836,0.2888,True,10.76,120.93
2026-08-02T14:51:34.465,paper,0.600825,0.2905,True,10.76,116.66
2026-08-02T14:51:34.771,paper,0.605152,0.2942,True,10.76,122.05
2026-08-02T14:51:35.075,paper,0.666000,0.2918,True,10.76,118.37
2026-08-02T14:51:35.394,paper,0.558154,0.2872,True,9.14,117.64
2026-08-02T14:51:35.711,paper,0.459959,0.2864,True,9.14,118.41
2026-08-02T14:51:36.015,paper,0.426611,0.2868,True,9.14,117.15
2026-08-02T14:51:36.327,cardboard,0.424371,0.2866,True,9.83,112.17
2026-08-02T14:51:36.639,cardboard,0.461838,0.2866,True,9.83,119.71
2026-08-02T14:51:36.928,paper,0.419553,0.2874,True,9.83,113.42
2026-08-02T14:51:37.229,paper,0.530927,0.2901,True,9.83,114.36
2026-08-02T14:51:37.550,paper,0.546165,0.3072,True,9.68,117.03
2026-08-02T14:51:37.849,paper,0.568992,0.3365,True,9.68,117.36
2026-08-02T14:51:38.156,cardboard,0.432620,0.2941,True,9.68,118.99
2026-08-02T14:51:38.465,cardboard,0.476429,0.2887,True,10.46,117.84
2026-08-02T14:51:38.776,cardboard,0.462478,0.2920,True,10.46,120.36
2026-08-02T14:51:39.086,paper,0.474927,0.2931,True,10.46,118.77
2026-08-02T14:51:39.379,paper,0.552861,0.3105,True,10.46,111.14
2026-08-02T14:51:39.690,paper,0.642122,0.3606,True,9.10,119.83
2026-08-02T14:51:39.987,paper,0.574068,0.3438,True,9.10,117.31
2026-08-02T14:51:40.284,paper,0.531192,0.2939,True,9.10,118.13
2026-08-02T14:51:40.602,paper,0.584150,0.2893,True,10.54,117.23
2026-08-02T14:51:40.906,paper,0.496893,0.2891,True,10.54,116.03
2026-08-02T14:51:41.220,paper,0.511084,0.2901,True,10.54,114.60
2026-08-02T14:51:41.524,paper,0.543598,0.2921,True,10.54,114.71
2026-08-02T14:51:41.828,paper,0.590584,0.2947,True,9.08,115.87
2026-08-02T14:51:42.127,paper,0.572795,0.2935,True,9.08,113.10
2026-08-02T14:51:42.429,paper,0.528818,0.2935,True,9.08,112.52
2026-08-02T14:51:42.736,paper,0.600327,0.2950,True,10.62,113.76
2026-08-02T14:51:43.052,paper,0.680675,0.2950,True,10.62,128.34
2026-08-02T14:51:43.359,paper,0.707161,0.3023,True,10.62,121.13
2026-08-02T14:51:43.669,paper,0.696608,0.3408,True,10.62,121.38
2026-08-02T14:51:43.966,paper,0.735897,0.3408,True,9.01,118.32
2026-08-02T14:51:44.268,paper,0.715512,0.3386,True,9.01,118.98
2026-08-02T14:51:44.580,paper,0.683866,0.3397,True,9.01,119.69
2026-08-02T14:51:44.886,paper,0.688688,0.3397,True,10.62,120.48
2026-08-02T14:51:45.199,paper,0.670055,0.3365,True,10.62,117.51
2026-08-02T14:51:45.509,paper,0.676829,0.3363,True,10.62,115.82
2026-08-02T14:51:45.816,paper,0.751441,0.3360,True,10.62,115.79
2026-08-02T14:51:46.109,paper,0.748554,0.3363,True,9.00,118.07
2026-08-02T14:51:46.409,paper,0.774736,0.3382,True,9.00,115.18
2026-08-02T14:51:46.723,paper,0.744711,0.3408,True,9.00,114.63
2026-08-02T14:51:47.040,paper,0.724396,0.3403,True,10.62,121.25
2026-08-02T14:51:47.344,paper,0.690281,0.3384,True,10.62,117.05
2026-08-02T14:51:47.646,paper,0.665375,0.3373,True,10.62,118.45
2026-08-02T14:51:47.976,paper,0.661544,0.3346,True,10.62,119.04
2026-08-02T14:51:48.315,paper,0.725569,0.3340,True,8.90,123.37
2026-08-02T14:51:48.617,paper,0.476694,0.2905,True,8.90,114.28
2026-08-02T14:51:48.934,cardboard,0.610829,0.2905,True,8.90,122.34
2026-08-02T14:51:49.243,cardboard,0.734329,0.9751,True,9.73,120.56
2026-08-02T14:51:49.568,cardboard,0.813056,0.9778,True,9.73,120.86
2026-08-02T14:51:49.871,cardboard,0.869465,0.9738,True,9.73,120.21
2026-08-02T14:51:50.175,cardboard,0.909532,0.4386,True,9.73,116.12
2026-08-02T14:51:50.479,cardboard,0.932576,0.3500,True,9.38,119.05
2026-08-02T14:51:50.789,cardboard,0.934583,0.3952,True,9.38,122.90
2026-08-02T14:51:51.066,cardboard,0.941015,0.4092,True,9.38,112.11
2026-08-02T14:51:51.369,cardboard,0.953977,0.3924,True,10.91,120.94
2026-08-02T14:51:51.675,cardboard,0.957288,0.4493,True,10.91,118.72
2026-08-02T14:51:51.967,cardboard,0.950012,0.4493,True,10.91,110.14
2026-08-02T14:51:52.252,cardboard,0.950443,0.3813,True,10.91,112.45
2026-08-02T14:51:52.535,cardboard,0.956644,0.4476,True,9.36,114.83
2026-08-02T14:51:52.840,cardboard,0.954764,0.4479,True,9.36,120.30
2026-08-02T14:51:53.156,cardboard,0.956741,0.4479,True,9.36,131.53
2026-08-02T14:51:53.492,cardboard,0.959890,0.4454,True,10.51,118.78
2026-08-02T14:51:53.816,cardboard,0.949938,0.3717,True,10.51,124.78
2026-08-02T14:51:54.127,cardboard,0.954305,0.3667,True,10.51,117.07
2026-08-02T14:51:54.434,cardboard,0.959878,0.4426,True,10.51,121.10
2026-08-02T14:51:54.737,cardboard,0.954256,0.4476,True,8.81,113.15
2026-08-02T14:51:55.033,cardboard,0.957332,0.3728,True,8.81,115.26
2026-08-02T14:51:55.334,cardboard,0.964339,0.3529,True,8.81,118.73
2026-08-02T14:51:55.642,cardboard,0.965274,0.3728,True,10.68,118.52
2026-08-02T14:51:55.927,cardboard,0.961632,0.3459,True,10.68,112.97
2026-08-02T14:51:56.229,cardboard,0.957878,0.3745,True,10.68,114.64
2026-08-02T14:51:56.531,cardboard,0.962728,0.3544,True,10.68,113.65
2026-08-02T14:51:56.822,cardboard,0.960548,0.3544,True,9.37,114.90
2026-08-02T14:51:57.123,cardboard,0.960565,0.3363,True,9.37,114.38
2026-08-02T14:51:57.449,cardboard,0.961841,0.3884,True,9.37,119.45
2026-08-02T14:51:57.752,cardboard,0.963563,0.4104,True,10.56,118.28
2026-08-02T14:51:58.086,cardboard,0.963973,0.3736,True,10.56,122.18
2026-08-02T14:51:58.387,cardboard,0.964425,0.3598,True,10.56,117.66
2026-08-02T14:51:58.695,cardboard,0.966991,0.3963,True,10.56,118.90
2026-08-02T14:51:58.997,cardboard,0.963286,0.3963,True,8.91,117.92
2026-08-02T14:51:59.371,cardboard,0.967839,0.3500,True,8.91,129.89
2026-08-02T14:51:59.708,cardboard,0.958218,0.4418,True,8.91,136.35
2026-08-02T14:52:00.047,cardboard,0.961372,0.4499,True,8.88,144.28
2026-08-02T14:52:00.410,cardboard,0.965737,0.4499,True,8.88,152.49
2026-08-02T14:52:00.753,cardboard,0.963024,0.4454,True,8.88,117.56
2026-08-02T14:52:01.069,cardboard,0.960630,0.4454,True,8.62,122.45
2026-08-02T14:52:01.383,cardboard,0.961545,0.4454,True,8.62,120.49
2026-08-02T14:52:01.705,cardboard,0.965971,0.4304,True,8.62,130.28
2026-08-02T14:52:02.045,cardboard,0.963335,0.4335,True,9.82,132.35
2026-08-02T14:52:02.355,cardboard,0.965929,0.4335,True,9.82,120.28
2026-08-02T14:52:02.656,cardboard,0.969465,0.4584,True,9.82,124.91
2026-08-02T14:52:02.996,cardboard,0.975978,0.4584,True,9.82,155.54
2026-08-02T14:52:03.417,cardboard,0.966970,0.4568,True,8.98,161.83
2026-08-02T14:52:03.764,cardboard,0.966280,0.4524,True,8.98,129.41
2026-08-02T14:52:04.101,cardboard,0.973852,0.4519,True,8.98,122.02
2026-08-02T14:52:04.412,cardboard,0.963419,0.4482,True,8.15,118.97
2026-08-02T14:52:04.719,cardboard,0.967289,0.4519,True,8.15,117.11
2026-08-02T14:52:05.051,cardboard,0.960300,0.4591,True,8.15,120.97
2026-08-02T14:52:05.387,cardboard,0.963265,0.4660,True,9.70,117.73
2026-08-02T14:52:05.701,cardboard,0.963481,0.4530,True,9.70,120.62
2026-08-02T14:52:06.025,cardboard,0.960374,0.3920,True,9.70,123.07
2026-08-02T14:52:06.338,cardboard,0.959814,0.4485,True,9.78,114.41
2026-08-02T14:52:06.728,cardboard,0.967323,0.4485,True,9.78,148.28
2026-08-02T14:52:07.121,cardboard,0.962979,0.4335,True,9.78,128.87
2026-08-02T14:52:07.594,cardboard,0.966828,0.3751,True,7.54,195.12
2026-08-02T14:52:07.975,cardboard,0.963286,0.3751,True,7.54,125.43
2026-08-02T14:52:08.394,cardboard,0.962581,0.3705,True,7.54,123.08
2026-08-02T14:52:08.806,cardboard,0.967444,0.4301,True,6.78,115.73
2026-08-02T14:52:09.189,cardboard,0.962145,0.3637,True,6.78,117.66
2026-08-02T14:52:09.570,cardboard,0.958533,0.3637,True,6.78,125.55
2026-08-02T14:52:09.930,cardboard,0.963378,0.3488,True,7.65,109.30
2026-08-02T14:52:10.380,cardboard,0.967998,0.3488,True,7.65,139.17
2026-08-02T14:52:10.806,cardboard,0.962832,0.4562,True,7.64,118.52
2026-08-02T14:52:11.312,cardboard,0.963923,0.4468,True,7.64,205.59
2026-08-02T14:52:11.813,cardboard,0.957490,0.4432,True,7.64,173.94
2026-08-02T14:52:12.246,cardboard,0.961038,0.4440,True,5.86,126.11
2026-08-02T14:52:12.641,cardboard,0.961037,0.4519,True,5.86,120.13
2026-08-02T14:52:13.024,cardboard,0.959471,0.3526,True,7.94,120.29
2026-08-02T14:52:13.465,cardboard,0.962480,0.4521,True,7.94,126.69
2026-08-02T14:52:13.901,cardboard,0.967133,0.3526,True,7.94,137.57
2026-08-02T14:52:14.310,cardboard,0.968712,0.3410,True,6.48,118.45
2026-08-02T14:52:14.772,cardboard,0.970886,0.4383,True,6.48,149.98
2026-08-02T14:52:15.176,cardboard,0.968577,0.4383,True,7.48,127.82
2026-08-02T14:52:15.610,cardboard,0.962428,0.3443,True,7.48,116.26
2026-08-02T14:52:16.012,cardboard,0.968718,0.3443,True,7.48,116.23
2026-08-02T14:52:16.424,cardboard,0.970041,0.4396,True,6.72,117.86
2026-08-02T14:52:16.807,cardboard,0.971490,0.4396,True,6.72,127.17
2026-08-02T14:52:17.216,cardboard,0.965726,0.4333,True,6.72,114.85
2026-08-02T14:52:17.630,cardboard,0.966376,0.4319,True,7.47,114.04
2026-08-02T14:52:18.024,cardboard,0.967052,0.4479,True,7.47,124.73
2026-08-02T14:52:18.419,cardboard,0.966075,0.4660,True,7.47,132.80
2026-08-02T14:52:18.839,cardboard,0.970857,0.4524,True,7.48,123.42
2026-08-02T14:52:19.216,cardboard,0.972371,0.4471,True,7.48,114.54
2026-08-02T14:52:19.596,cardboard,0.971715,0.4476,True,7.48,119.28
2026-08-02T14:52:19.982,cardboard,0.973304,0.3922,True,7.64,115.72
2026-08-02T14:52:20.389,cardboard,0.973839,0.3464,True,7.64,120.31
2026-08-02T14:52:20.784,cardboard,0.970034,0.3464,True,7.64,115.49
2026-08-02T14:52:21.201,cardboard,0.966889,0.3739,True,7.58,121.33
2026-08-02T14:52:21.569,cardboard,0.969034,0.4490,True,7.58,115.96
2026-08-02T14:52:21.975,cardboard,0.958956,0.4468,True,7.58,124.49
2026-08-02T14:52:22.385,cardboard,0.964866,0.4299,True,7.55,118.13
2026-08-02T14:52:22.805,cardboard,0.967559,0.3561,True,7.55,116.83
2026-08-02T14:52:23.200,cardboard,0.963031,0.4383,True,7.81,117.94
2026-08-02T14:52:23.587,cardboard,0.963511,0.4482,True,7.81,117.32
2026-08-02T14:52:24.009,cardboard,0.968720,0.4030,True,7.81,116.83
2026-08-02T14:52:24.394,cardboard,0.971309,0.4473,True,6.93,130.74
2026-08-02T14:52:24.886,cardboard,0.951934,0.4485,True,6.93,194.83
2026-08-02T14:52:25.285,cardboard,0.960055,0.4473,True,7.63,131.21
2026-08-02T14:52:25.699,cardboard,0.957492,0.4485,True,7.63,141.79
2026-08-02T14:52:26.156,cardboard,0.955855,0.3699,True,7.63,161.28
2026-08-02T14:52:26.607,cardboard,0.952717,0.3437,True,6.37,155.67
2026-08-02T14:52:27.017,cardboard,0.952638,0.3421,True,6.37,125.99
2026-08-02T14:52:27.395,cardboard,0.961356,0.3363,True,7.69,114.40
2026-08-02T14:52:27.789,cardboard,0.964321,0.3348,True,7.69,122.06
2026-08-02T14:52:28.200,cardboard,0.956520,0.3471,True,7.69,120.92
2026-08-02T14:52:28.617,cardboard,0.963779,0.3751,True,6.98,119.79
2026-08-02T14:52:29.001,cardboard,0.962203,0.3751,True,6.98,115.20
2026-08-02T14:52:29.396,cardboard,0.961145,0.4394,True,6.98,123.21
2026-08-02T14:52:29.796,cardboard,0.962297,0.4248,True,7.52,117.16
2026-08-02T14:52:30.197,cardboard,0.959287,0.3728,True,7.52,112.64
2026-08-02T14:52:30.587,cardboard,0.957737,0.3728,True,7.52,120.65
2026-08-02T14:52:30.991,cardboard,0.944228,0.3515,True,7.56,121.61
2026-08-02T14:52:31.412,cardboard,0.947665,0.3466,True,7.56,111.44
2026-08-02T14:52:31.815,cardboard,0.936790,0.3502,True,7.94,116.76
2026-08-02T14:52:32.265,cardboard,0.945050,0.3510,True,7.94,137.24
2026-08-02T14:52:32.748,cardboard,0.940511,0.3485,True,7.94,187.37
2026-08-02T14:52:33.237,cardboard,0.946149,0.3426,True,6.07,166.28
2026-08-02T14:52:33.699,cardboard,0.954653,0.3676,True,6.07,140.12
2026-08-02T14:52:34.232,cardboard,0.953680,0.4301,True,6.46,171.41
2026-08-02T14:52:34.821,cardboard,0.958894,0.3528,True,6.46,163.93
2026-08-02T14:52:35.255,cardboard,0.958284,0.3803,True,5.50,121.70
2026-08-02T14:52:35.670,cardboard,0.958596,0.4432,True,5.50,128.12
2026-08-02T14:52:36.079,cardboard,0.964300,0.3803,True,5.50,122.98
2026-08-02T14:52:36.572,cardboard,0.968171,0.3724,True,6.92,170.40
2026-08-02T14:52:37.001,cardboard,0.974378,0.3689,True,6.92,122.97
2026-08-02T14:52:37.456,cardboard,0.970466,0.3326,True,6.91,166.26
2026-08-02T14:52:37.910,cardboard,0.962813,0.3761,True,6.91,153.41
2026-08-02T14:52:38.432,cardboard,0.968675,0.3761,True,6.58,163.60
2026-08-02T14:52:38.853,cardboard,0.972538,0.3382,True,6.58,153.37
2026-08-02T14:52:39.360,cardboard,0.966200,0.3451,True,6.58,168.29
2026-08-02T14:52:39.741,cardboard,0.965150,0.3672,True,5.80,125.14
2026-08-02T14:52:40.173,cardboard,0.961297,0.3761,True,5.80,133.86
2026-08-02T14:52:40.563,cardboard,0.963101,0.3493,True,5.80,120.95
2026-08-02T14:52:40.971,cardboard,0.955668,0.3757,True,7.49,118.61
2026-08-02T14:52:41.378,cardboard,0.951097,0.4313,True,7.49,121.16
2026-08-02T14:52:41.772,cardboard,0.955243,0.4330,True,7.49,123.47
2026-08-02T14:52:42.170,cardboard,0.955202,0.4346,True,7.44,120.19
2026-08-02T14:52:42.537,cardboard,0.959628,0.4396,True,7.44,113.07
2026-08-02T14:52:42.926,cardboard,0.959635,0.4356,True,7.44,116.33
2026-08-02T14:52:43.404,cardboard,0.962622,0.4338,True,7.80,117.00
2026-08-02T14:52:43.797,cardboard,0.962133,0.4399,True,7.80,119.17
2026-08-02T14:52:44.178,cardboard,0.964411,0.4527,True,7.77,124.84
2026-08-02T14:52:44.605,cardboard,0.964380,0.4562,True,7.77,148.87
2026-08-02T14:52:45.091,cardboard,0.965103,0.4485,True,7.77,155.22
2026-08-02T14:52:45.535,cardboard,0.963662,0.4479,True,6.17,168.26
2026-08-02T14:52:45.942,cardboard,0.966927,0.4519,True,6.17,114.81
2026-08-02T14:52:46.419,cardboard,0.966762,0.4519,True,7.74,155.75
2026-08-02T14:52:46.865,cardboard,0.965732,0.4485,True,7.74,153.00
2026-08-02T14:52:47.400,cardboard,0.963326,0.3608,True,7.74,173.11
2026-08-02T14:52:47.847,cardboard,0.966452,0.3608,True,5.49,153.77
2026-08-02T14:52:48.229,cardboard,0.962392,0.3608,True,5.49,113.92
2026-08-02T14:52:48.680,cardboard,0.955308,0.3819,True,7.86,156.70
2026-08-02T14:52:49.163,cardboard,0.963558,0.3819,True,7.86,170.79
2026-08-02T14:52:49.557,cardboard,0.959325,0.3771,True,7.86,130.35
2026-08-02T14:52:49.953,cardboard,0.964430,0.4426,True,6.15,117.71
2026-08-02T14:52:50.389,cardboard,0.967631,0.3771,True,6.15,129.66
2026-08-02T14:52:50.793,cardboard,0.963883,0.3425,True,7.72,124.59
2026-08-02T14:52:51.180,cardboard,0.965876,0.3502,True,7.72,118.59
2026-08-02T14:52:51.552,cardboard,0.961316,0.3807,True,7.72,120.39
2026-08-02T14:52:51.979,cardboard,0.951866,0.4446,True,7.80,124.78
2026-08-02T14:52:52.384,cardboard,0.959527,0.3751,True,7.80,121.59
2026-08-02T14:52:52.748,cardboard,0.960368,0.3359,True,7.80,120.05
2026-08-02T14:52:53.131,cardboard,0.965089,0.3268,True,7.08,111.73
2026-08-02T14:52:53.548,cardboard,0.966730,0.3411,True,7.08,122.35
2026-08-02T14:52:53.961,cardboard,0.970628,0.3434,True,7.08,119.60
2026-08-02T14:52:54.386,cardboard,0.962805,0.3373,True,7.42,119.17
2026-08-02T14:52:54.802,cardboard,0.964534,0.3381,True,7.42,119.10
2026-08-02T14:52:55.206,cardboard,0.961319,0.3416,True,7.82,123.82
2026-08-02T14:52:55.599,cardboard,0.963311,0.3528,True,7.82,119.50
2026-08-02T14:52:55.982,cardboard,0.967114,0.4304,True,7.82,110.79
2026-08-02T14:52:56.383,cardboard,0.964721,0.3672,True,7.34,119.27
2026-08-02T14:52:56.827,cardboard,0.972370,0.3672,True,7.34,130.78
2026-08-02T14:52:57.218,cardboard,0.969828,0.3382,True,7.34,115.36
2026-08-02T14:52:57.588,cardboard,0.965862,0.3410,True,6.99,115.06
2026-08-02T14:52:57.953,cardboard,0.963899,0.3496,True,6.99,113.79
2026-08-02T14:52:58.329,cardboard,0.968466,0.3459,True,6.99,112.26
2026-08-02T14:52:58.707,cardboard,0.967654,0.3367,True,8.09,118.77
2026-08-02T14:52:59.106,cardboard,0.966185,0.3367,True,8.09,117.00
2026-08-02T14:52:59.479,cardboard,0.965195,0.3448,True,8.09,119.85
2026-08-02T14:52:59.906,cardboard,0.966653,0.3517,True,7.83,137.99
2026-08-02T14:53:00.273,cardboard,0.963907,0.3517,True,7.83,118.52
2026-08-02T14:53:00.691,cardboard,0.959693,0.3517,True,7.83,113.98
2026-08-02T14:53:01.069,cardboard,0.966971,0.4396,True,7.42,122.35
2026-08-02T14:53:01.500,cardboard,0.967979,0.4709,True,7.42,129.58
2026-08-02T14:53:01.916,cardboard,0.959918,0.4669,True,8.00,121.69
2026-08-02T14:53:02.328,cardboard,0.960949,0.4519,True,8.00,158.96
2026-08-02T14:53:02.798,cardboard,0.960539,0.4476,True,8.00,181.26
2026-08-02T14:53:03.204,cardboard,0.959058,0.4519,True,6.32,123.56
2026-08-02T14:53:03.631,cardboard,0.958249,0.4476,True,6.32,136.87
2026-08-02T14:53:04.244,cardboard,0.959022,0.4415,True,7.72,297.27
2026-08-02T14:53:04.640,cardboard,0.965195,0.4415,True,7.72,130.39
2026-08-02T14:53:05.045,cardboard,0.967533,0.4424,True,7.72,123.32
2026-08-02T14:53:05.449,cardboard,0.963774,0.3799,True,5.78,123.76
2026-08-02T14:53:05.843,cardboard,0.959230,0.3256,True,5.78,135.79
2026-08-02T14:53:06.236,cardboard,0.961246,0.3256,True,5.78,118.79
2026-08-02T14:53:06.615,cardboard,0.952000,0.3410,True,7.55,121.41
2026-08-02T14:53:07.013,cardboard,0.954653,0.3415,True,7.55,117.18
2026-08-02T14:53:07.414,cardboard,0.951164,0.3483,True,7.55,115.62
2026-08-02T14:53:07.786,cardboard,0.954159,0.3697,True,7.64,120.77
2026-08-02T14:53:08.184,cardboard,0.953657,0.3211,True,7.64,128.30
2026-08-02T14:53:08.565,cardboard,0.950324,0.3211,True,7.64,119.53
2026-08-02T14:53:08.984,cardboard,0.951583,0.3211,True,7.82,123.45
2026-08-02T14:53:09.372,cardboard,0.949936,0.3149,True,7.82,121.20
2026-08-02T14:53:09.814,cardboard,0.944385,0.3153,True,7.79,117.70
2026-08-02T14:53:10.227,cardboard,0.947477,0.3153,True,7.79,135.12
2026-08-02T14:53:10.627,cardboard,0.951994,0.3267,True,7.79,116.80
2026-08-02T14:53:11.000,cardboard,0.949081,0.3267,True,6.77,115.02
2026-08-02T14:53:11.395,cardboard,0.953882,0.3242,True,6.77,125.90
2026-08-02T14:53:11.805,cardboard,0.954930,0.3334,True,6.77,117.60
2026-08-02T14:53:12.204,cardboard,0.955285,0.3334,True,7.64,123.03
2026-08-02T14:53:12.624,cardboard,0.955800,0.3162,True,7.64,116.69
2026-08-02T14:53:13.015,cardboard,0.962655,0.3065,True,7.95,122.47
2026-08-02T14:53:13.375,cardboard,0.965152,0.3065,True,7.95,121.02
2026-08-02T14:53:13.769,cardboard,0.950282,0.3076,True,7.95,130.53
2026-08-02T14:53:14.170,cardboard,0.952069,0.3056,True,7.64,126.50
2026-08-02T14:53:14.570,cardboard,0.949039,0.3097,True,7.64,116.25
2026-08-02T14:53:14.962,cardboard,0.945378,0.3177,True,7.64,125.47
2026-08-02T14:53:15.360,cardboard,0.943745,0.3227,True,7.25,123.44
2026-08-02T14:53:15.744,cardboard,0.955425,0.3100,True,7.25,118.42
2026-08-02T14:53:16.122,cardboard,0.954090,0.3088,True,7.25,122.47
2026-08-02T14:53:16.505,cardboard,0.961018,0.3156,True,7.76,125.96
2026-08-02T14:53:16.899,cardboard,0.960162,0.3261,True,7.76,119.52
2026-08-02T14:53:17.284,cardboard,0.951983,0.3244,True,7.76,125.82
2026-08-02T14:53:17.705,cardboard,0.954328,0.3152,True,7.74,121.29
2026-08-02T14:53:18.115,cardboard,0.957617,0.3318,True,7.74,120.19
2026-08-02T14:53:18.526,cardboard,0.963478,0.4399,True,7.76,121.52
2026-08-02T14:53:18.921,cardboard,0.962035,0.4391,True,7.76,117.71
2026-08-02T14:53:19.320,cardboard,0.960039,0.4370,True,7.76,114.80
2026-08-02T14:53:19.770,cardboard,0.947167,0.4370,True,6.96,139.50
2026-08-02T14:53:20.179,cardboard,0.950420,0.4465,True,6.96,146.89
2026-08-02T14:53:20.592,cardboard,0.953569,0.4296,True,7.82,155.37
2026-08-02T14:53:21.057,cardboard,0.954202,0.4465,True,7.82,123.41
2026-08-02T14:53:21.447,cardboard,0.957412,0.4461,True,7.82,125.50
2026-08-02T14:53:21.850,cardboard,0.956555,0.4461,True,6.34,121.38
2026-08-02T14:53:22.248,cardboard,0.962270,0.4461,True,6.34,127.06
2026-08-02T14:53:22.634,cardboard,0.958140,0.4396,True,6.34,119.17
2026-08-02T14:53:23.001,cardboard,0.956361,0.4429,True,7.58,125.47
2026-08-02T14:53:23.375,cardboard,0.962071,0.4429,True,7.58,126.87
2026-08-02T14:53:23.756,cardboard,0.961000,0.4493,True,7.58,122.90
2026-08-02T14:53:24.139,cardboard,0.958290,0.4493,True,8.02,113.19
2026-08-02T14:53:24.512,cardboard,0.962938,0.4281,True,8.02,118.41
2026-08-02T14:53:24.899,cardboard,0.963800,0.4268,True,8.02,122.26
2026-08-02T14:53:25.274,cardboard,0.957460,0.4479,True,7.88,119.07
2026-08-02T14:53:25.665,cardboard,0.967284,0.4479,True,7.88,122.02
2026-08-02T14:53:26.062,cardboard,0.970307,0.4260,True,7.88,117.17
2026-08-02T14:53:26.468,cardboard,0.965983,0.3386,True,7.74,117.86
2026-08-02T14:53:26.873,cardboard,0.948384,0.3279,True,7.74,123.29
2026-08-02T14:53:27.266,cardboard,0.950341,0.3025,True,7.74,116.75
2026-08-02T14:53:27.677,cardboard,0.956921,0.3078,True,7.47,121.43
2026-08-02T14:53:28.063,cardboard,0.960929,0.3078,True,7.47,121.25
2026-08-02T14:53:28.463,cardboard,0.944719,0.3384,True,7.47,122.60
2026-08-02T14:53:28.831,cardboard,0.950155,0.3415,True,7.51,119.86
2026-08-02T14:53:29.237,cardboard,0.956652,0.3387,True,7.51,116.94
2026-08-02T14:53:29.642,cardboard,0.954671,0.3242,True,7.51,123.06
2026-08-02T14:53:30.037,cardboard,0.951137,0.3230,True,7.64,123.42
2026-08-02T14:53:30.430,cardboard,0.946079,0.3291,True,7.64,119.48
2026-08-02T14:53:30.821,cardboard,0.950850,0.3246,True,7.64,115.72
2026-08-02T14:53:31.192,cardboard,0.948564,0.3197,True,7.64,115.11
2026-08-02T14:53:31.583,cardboard,0.957428,0.3197,True,7.64,122.70
2026-08-02T14:53:31.966,cardboard,0.953058,0.3210,True,7.64,120.37
2026-08-02T14:53:32.399,cardboard,0.953477,0.3288,True,7.86,119.00
2026-08-02T14:53:32.825,cardboard,0.950369,0.3234,True,7.86,126.11
2026-08-02T14:53:33.217,cardboard,0.944083,0.3297,True,7.72,124.42
2026-08-02T14:53:33.623,cardboard,0.949095,0.3431,True,7.72,126.76
2026-08-02T14:53:34.017,cardboard,0.957735,0.3431,True,7.72,116.53
2026-08-02T14:53:34.457,cardboard,0.960379,0.3338,True,6.89,130.99
2026-08-02T14:53:34.850,cardboard,0.948520,0.3423,True,6.89,123.93
2026-08-02T14:53:35.279,cardboard,0.950318,0.3490,True,7.85,150.54
2026-08-02T14:53:35.690,cardboard,0.948800,0.3490,True,7.85,144.88
2026-08-02T14:53:36.130,cardboard,0.953026,0.3836,True,7.85,137.99
2026-08-02T14:53:36.562,cardboard,0.962440,0.4471,True,6.40,153.50
2026-08-02T14:53:37.123,cardboard,0.965360,0.4443,True,6.40,273.05
2026-08-02T14:53:37.529,cardboard,0.958393,0.4421,True,6.43,125.86
2026-08-02T14:53:37.915,cardboard,0.943455,0.4446,True,6.43,132.01
2026-08-02T14:53:38.337,cardboard,0.956155,0.4485,True,6.43,157.75
2026-08-02T14:53:38.712,cardboard,0.958078,0.4553,True,7.15,129.22
2026-08-02T14:53:39.176,cardboard,0.952412,0.4476,True,7.15,145.66
2026-08-02T14:53:39.559,cardboard,0.958369,0.4476,True,7.89,128.68
2026-08-02T14:53:39.927,cardboard,0.958799,0.4501,True,7.89,115.70
2026-08-02T14:53:40.333,cardboard,0.959623,0.4501,True,7.89,131.08
2026-08-02T14:53:40.702,cardboard,0.957258,0.4471,True,7.66,123.17
2026-08-02T14:53:41.077,cardboard,0.958047,0.4348,True,7.66,112.18
2026-08-02T14:53:41.480,cardboard,0.957403,0.4316,True,7.66,121.60
2026-08-02T14:53:41.872,cardboard,0.958804,0.3412,True,7.37,129.44
2026-08-02T14:53:42.265,cardboard,0.958120,0.3491,True,7.37,115.34
2026-08-02T14:53:42.677,cardboard,0.965380,0.3491,True,7.37,122.34
2026-08-02T14:53:43.066,cardboard,0.958017,0.3397,True,7.52,123.56
2026-08-02T14:53:43.468,cardboard,0.953457,0.3397,True,7.52,130.22
2026-08-02T14:53:43.841,cardboard,0.952622,0.3292,True,7.52,118.48
2026-08-02T14:53:44.259,cardboard,0.954754,0.3292,True,7.73,124.05
2026-08-02T14:53:44.641,cardboard,0.954509,0.3972,True,7.73,121.42
2026-08-02T14:53:45.016,cardboard,0.956072,0.3972,True,7.73,118.79
2026-08-02T14:53:45.415,cardboard,0.945757,0.4304,True,7.66,123.59
2026-08-02T14:53:45.803,cardboard,0.951417,0.3399,True,7.66,119.59
2026-08-02T14:53:46.230,cardboard,0.951385,0.3127,True,7.66,122.21
2026-08-02T14:53:46.634,cardboard,0.950213,0.3077,True,7.41,115.32
2026-08-02T14:53:47.046,cardboard,0.955399,0.3106,True,7.41,140.22
2026-08-02T14:53:47.467,cardboard,0.946775,0.3152,True,7.93,132.80
2026-08-02T14:53:47.857,cardboard,0.941494,0.3198,True,7.93,123.69
2026-08-02T14:53:48.267,cardboard,0.946488,0.3173,True,7.93,123.59
2026-08-02T14:53:48.669,cardboard,0.945763,0.3112,True,6.80,127.12
2026-08-02T14:53:49.085,cardboard,0.947278,0.3173,True,6.80,132.28
2026-08-02T14:53:49.481,cardboard,0.942864,0.3191,True,6.80,126.99
2026-08-02T14:53:49.894,cardboard,0.940642,0.3359,True,7.41,129.77
2026-08-02T14:53:50.293,cardboard,0.946051,0.4154,True,7.41,125.98
2026-08-02T14:53:50.686,cardboard,0.953270,0.4140,True,7.41,121.48
2026-08-02T14:53:51.081,cardboard,0.953713,0.3407,True,7.47,127.52
2026-08-02T14:53:51.502,cardboard,0.953170,0.3249,True,7.47,124.02
2026-08-02T14:53:51.901,cardboard,0.955590,0.3249,True,7.47,130.16
2026-08-02T14:53:52.286,cardboard,0.959615,0.3697,True,7.41,124.52
2026-08-02T14:53:52.682,cardboard,0.958477,0.4510,True,7.41,130.79
2026-08-02T14:53:53.067,cardboard,0.958121,0.4519,True,7.41,125.87
2026-08-02T14:53:53.464,cardboard,0.955626,0.4663,True,7.72,124.14
2026-08-02T14:53:53.871,cardboard,0.960209,0.4600,True,7.72,125.79
2026-08-02T14:53:54.270,cardboard,0.963693,0.4600,True,7.72,128.44
2026-08-02T14:53:54.693,cardboard,0.958175,0.4606,True,7.48,141.46
2026-08-02T14:53:55.094,cardboard,0.958237,0.4568,True,7.48,123.76
2026-08-02T14:53:55.482,cardboard,0.966471,0.4507,True,7.90,122.87
2026-08-02T14:53:55.873,cardboard,0.965480,0.4521,True,7.90,139.27
2026-08-02T14:53:56.284,cardboard,0.968214,0.4521,True,7.90,144.15
2026-08-02T14:53:56.704,cardboard,0.961901,0.4519,True,6.99,145.25
2026-08-02T14:53:57.133,cardboard,0.954624,0.4476,True,6.99,140.78
2026-08-02T14:53:57.628,cardboard,0.964717,0.4501,True,7.40,151.77
2026-08-02T14:53:58.044,cardboard,0.964038,0.4718,True,7.40,139.42
2026-08-02T14:53:58.471,cardboard,0.965956,0.4527,True,7.40,137.22
2026-08-02T14:53:58.874,cardboard,0.968452,0.4519,True,6.33,140.66
2026-08-02T14:53:59.264,cardboard,0.964876,0.4559,True,6.33,132.54
2026-08-02T14:53:59.669,cardboard,0.967233,0.4663,True,6.33,143.89
2026-08-02T14:54:00.092,cardboard,0.955850,0.4695,True,7.52,154.02
2026-08-02T14:54:00.509,cardboard,0.949755,0.4712,True,7.52,154.23
2026-08-02T14:54:00.925,cardboard,0.951814,0.4553,True,7.74,129.98
2026-08-02T14:54:01.327,cardboard,0.956267,0.4510,True,7.74,139.32
2026-08-02T14:54:01.747,cardboard,0.960129,0.4594,True,7.74,141.39
2026-08-02T14:54:02.145,cardboard,0.959032,0.4660,True,6.70,141.71
2026-08-02T14:54:02.607,cardboard,0.955247,0.4573,True,6.70,173.74
2026-08-02T14:54:03.103,cardboard,0.958876,0.4746,True,7.08,133.62
2026-08-02T14:54:03.505,cardboard,0.947147,0.4684,True,7.08,120.60
2026-08-02T14:54:03.893,cardboard,0.953273,0.4527,True,7.08,121.23
2026-08-02T14:54:04.300,cardboard,0.956561,0.4519,True,6.89,145.09
2026-08-02T14:54:04.725,cardboard,0.953152,0.4527,True,6.89,133.59
2026-08-02T14:54:05.187,cardboard,0.961170,0.4527,True,7.56,127.68
2026-08-02T14:54:05.594,cardboard,0.965918,0.4507,True,7.56,124.73
2026-08-02T14:54:05.998,cardboard,0.964767,0.4672,True,7.56,129.07
2026-08-02T14:54:06.419,cardboard,0.962622,0.4681,True,6.69,139.22
2026-08-02T14:54:06.787,cardboard,0.961827,0.4550,True,6.69,119.38
2026-08-02T14:54:07.194,cardboard,0.964283,0.5640,True,6.69,121.66
2026-08-02T14:54:07.579,cardboard,0.961856,0.4639,True,7.52,123.64
2026-08-02T14:54:07.972,cardboard,0.965388,0.4654,True,7.52,111.71
2026-08-02T14:54:08.452,cardboard,0.959467,0.4715,True,7.52,149.48
2026-08-02T14:54:08.859,cardboard,0.954428,0.4651,True,7.15,166.56
2026-08-02T14:54:09.357,cardboard,0.958317,0.4510,True,7.15,144.64
2026-08-02T14:54:09.750,cardboard,0.954259,0.4516,True,7.33,124.70
2026-08-02T14:54:10.153,cardboard,0.947983,0.4524,True,7.33,126.81
2026-08-02T14:54:10.546,cardboard,0.952020,0.4524,True,7.33,120.34
2026-08-02T14:54:10.940,cardboard,0.959444,0.5016,True,6.98,132.25
2026-08-02T14:54:11.338,cardboard,0.958273,0.4570,True,6.98,123.80
2026-08-02T14:54:11.700,cardboard,0.959839,0.4570,True,6.98,128.76
2026-08-02T14:54:12.103,cardboard,0.944559,0.4570,True,7.80,120.26
2026-08-02T14:54:12.447,cardboard,0.948043,0.4346,True,7.80,118.91
2026-08-02T14:54:12.846,cardboard,0.943200,0.4104,True,7.80,117.00
2026-08-02T14:54:13.235,cardboard,0.951353,0.3920,True,7.86,114.17
2026-08-02T14:54:13.680,cardboard,0.960500,0.3720,True,7.86,120.77
2026-08-02T14:54:14.077,cardboard,0.954675,0.3691,True,7.85,118.87
2026-08-02T14:54:14.483,cardboard,0.948213,0.3568,True,7.85,124.06
2026-08-02T14:54:14.893,cardboard,0.951899,0.3264,True,7.85,119.43
2026-08-02T14:54:15.284,cardboard,0.950165,0.3255,True,6.81,120.24
2026-08-02T14:54:15.683,cardboard,0.956408,0.3150,True,6.81,123.37
2026-08-02T14:54:16.096,cardboard,0.957925,0.3147,True,6.81,121.59
2026-08-02T14:54:16.497,cardboard,0.959590,0.3147,True,7.47,120.00
2026-08-02T14:54:16.897,cardboard,0.952272,0.3089,True,7.47,118.97
2026-08-02T14:54:17.279,cardboard,0.961720,0.3089,True,7.47,119.85
2026-08-02T14:54:17.686,cardboard,0.963323,0.3220,True,7.61,124.62
2026-08-02T14:54:18.059,cardboard,0.951497,0.3212,True,7.61,124.88
2026-08-02T14:54:18.448,cardboard,0.939404,0.3146,True,7.61,115.67
2026-08-02T14:54:18.858,cardboard,0.947014,0.3191,True,7.70,136.30
2026-08-02T14:54:19.241,cardboard,0.952495,0.3741,True,7.70,134.14
2026-08-02T14:54:19.617,cardboard,0.944021,0.3909,True,7.70,114.76
2026-08-02T14:54:20.032,cardboard,0.945541,0.4255,True,7.70,116.08
2026-08-02T14:54:20.458,cardboard,0.952954,0.3987,True,7.70,122.38
2026-08-02T14:54:20.862,cardboard,0.953023,0.3707,True,7.77,122.93
2026-08-02T14:54:21.261,cardboard,0.948281,0.4319,True,7.77,121.80
2026-08-02T14:54:21.649,cardboard,0.949778,0.4319,True,7.77,120.85
2026-08-02T14:54:22.075,cardboard,0.943590,0.4023,True,6.98,121.57
2026-08-02T14:54:22.472,cardboard,0.955922,0.4348,True,6.98,122.47
2026-08-02T14:54:22.886,cardboard,0.951806,0.4296,True,7.89,119.39
2026-08-02T14:54:23.288,cardboard,0.952096,0.3512,True,7.89,121.62
2026-08-02T14:54:23.672,cardboard,0.951485,0.3348,True,7.89,121.99
2026-08-02T14:54:24.075,cardboard,0.948090,0.3348,True,6.94,124.06
2026-08-02T14:54:24.467,cardboard,0.951208,0.4372,True,6.94,120.46
2026-08-02T14:54:24.866,cardboard,0.952215,0.4388,True,6.94,123.51
2026-08-02T14:54:25.272,cardboard,0.951274,0.4429,True,7.54,122.85
2026-08-02T14:54:25.695,cardboard,0.948316,0.4547,True,7.54,133.62
2026-08-02T14:54:26.062,cardboard,0.957415,0.4322,True,7.54,121.45
2026-08-02T14:54:26.488,cardboard,0.942959,0.4418,True,7.52,119.25
2026-08-02T14:54:26.878,cardboard,0.946114,0.4473,True,7.52,121.39
2026-08-02T14:54:27.313,cardboard,0.957580,0.4468,True,7.85,116.89
2026-08-02T14:54:27.715,cardboard,0.961677,0.4468,True,7.85,120.82
2026-08-02T14:54:28.119,cardboard,0.951236,0.4314,True,7.85,115.52
2026-08-02T14:54:28.525,cardboard,0.960781,0.4273,True,6.75,124.26
2026-08-02T14:54:28.931,cardboard,0.966358,0.4200,True,6.75,121.59
2026-08-02T14:54:29.343,cardboard,0.961557,0.4200,True,6.75,126.85
2026-08-02T14:54:29.747,cardboard,0.954467,0.3441,True,7.36,118.95
2026-08-02T14:54:30.119,cardboard,0.958543,0.3783,True,7.36,134.82
2026-08-02T14:54:30.470,cardboard,0.963556,0.3697,True,7.36,133.22
2026-08-02T14:54:30.775,cardboard,0.960914,0.3697,True,7.99,115.17
2026-08-02T14:54:31.092,cardboard,0.960817,0.4451,True,7.99,121.06
2026-08-02T14:54:31.399,cardboard,0.959338,0.4451,True,7.99,117.64
2026-08-02T14:54:31.694,cardboard,0.960195,0.3985,True,10.51,121.26
2026-08-02T14:54:32.000,cardboard,0.962572,0.3338,True,10.51,118.83
2026-08-02T14:54:32.313,cardboard,0.951941,0.3498,True,10.51,115.90
2026-08-02T14:54:32.630,cardboard,0.954452,0.3360,True,10.51,116.57
2026-08-02T14:54:32.927,cardboard,0.951778,0.3337,True,8.97,115.01
2026-08-02T14:54:33.228,cardboard,0.954036,0.3218,True,8.97,113.49
2026-08-02T14:54:33.560,cardboard,0.959567,0.3192,True,8.97,119.23
2026-08-02T14:54:33.869,cardboard,0.964520,0.3192,True,10.55,123.36
2026-08-02T14:54:34.172,cardboard,0.965308,0.3763,True,10.55,125.59
2026-08-02T14:54:34.480,cardboard,0.941433,0.3669,True,10.55,120.60
2026-08-02T14:54:34.790,cardboard,0.951515,0.3283,True,10.55,119.56
2026-08-02T14:54:35.103,cardboard,0.930598,0.3449,True,8.95,119.42
2026-08-02T14:54:35.423,cardboard,0.930665,0.4330,True,8.95,120.18
2026-08-02T14:54:35.762,cardboard,0.934074,0.4263,True,8.95,130.17
2026-08-02T14:54:36.086,cardboard,0.946583,0.4263,True,9.64,117.77
2026-08-02T14:54:36.397,cardboard,0.946929,0.4263,True,9.64,116.58
2026-08-02T14:54:36.706,cardboard,0.935221,0.4448,True,9.64,123.41
2026-08-02T14:54:37.003,cardboard,0.947993,0.3379,True,9.91,115.03
2026-08-02T14:54:37.311,cardboard,0.943650,0.3048,True,9.91,115.85
2026-08-02T14:54:37.620,cardboard,0.943214,0.3048,True,9.91,117.90
2026-08-02T14:54:37.927,cardboard,0.949857,0.3078,True,9.91,115.31
2026-08-02T14:54:38.240,cardboard,0.954880,0.3661,True,9.17,119.30
2026-08-02T14:54:38.549,cardboard,0.960165,0.4248,True,9.17,118.10
2026-08-02T14:54:38.864,cardboard,0.962119,0.4299,True,9.17,120.01
2026-08-02T14:54:39.181,cardboard,0.915671,0.4223,True,9.96,123.69
2026-08-02T14:54:39.485,cardboard,0.877065,0.2859,True,9.96,117.93
2026-08-02T14:54:39.794,cardboard,0.855678,0.2865,True,9.96,122.04
2026-08-02T14:54:40.097,cardboard,0.696865,0.2892,True,9.96,120.82
2026-08-02T14:54:40.413,cardboard,0.728702,0.2888,True,9.44,119.05
2026-08-02T14:54:40.725,cardboard,0.559980,0.2866,True,9.44,116.36
2026-08-02T14:54:41.025,cardboard,0.396245,0.2866,True,9.44,115.98
2026-08-02T14:54:41.329,cardboard,0.535747,0.3755,True,10.50,113.92
2026-08-02T14:54:41.644,cardboard,0.455952,0.3677,True,10.50,120.98
2026-08-02T14:54:41.951,paper,0.496342,0.2919,True,10.50,121.86
2026-08-02T14:54:42.263,paper,0.630776,0.2919,True,10.50,121.86
2026-08-02T14:54:42.568,paper,0.662715,0.2936,True,8.93,116.90
2026-08-02T14:54:42.878,paper,0.736681,0.9283,True,8.93,117.81
2026-08-02T14:54:43.191,paper,0.636858,0.4804,True,8.93,119.93
2026-08-02T14:54:43.491,paper,0.587792,0.3915,True,10.43,117.57
2026-08-02T14:54:43.787,paper,0.660630,0.2907,True,10.43,122.33
2026-08-02T14:54:44.104,cardboard,0.500253,0.2907,True,10.43,123.68
2026-08-02T14:54:44.416,paper,0.560564,0.2986,True,10.43,116.62
2026-08-02T14:54:44.721,paper,0.538600,0.2891,True,9.11,114.33
2026-08-02T14:54:45.031,cardboard,0.493544,0.2900,True,9.11,117.12
2026-08-02T14:54:45.322,cardboard,0.597264,0.2967,True,9.11,113.84
2026-08-02T14:54:45.623,paper,0.494021,0.3378,True,10.73,116.47
2026-08-02T14:54:45.958,paper,0.605282,0.3389,True,10.73,121.87
2026-08-02T14:54:46.269,paper,0.564910,0.3247,True,10.73,121.94
2026-08-02T14:54:46.575,paper,0.490420,0.3007,True,10.73,118.57
2026-08-02T14:54:46.877,cardboard,0.503982,0.2936,True,8.82,116.63
2026-08-02T14:54:47.185,cardboard,0.480988,0.2931,True,8.82,119.65
2026-08-02T14:54:47.491,cardboard,0.614297,0.2921,True,8.82,118.14
2026-08-02T14:54:47.795,cardboard,0.652273,0.3026,True,10.66,122.02
2026-08-02T14:54:48.107,cardboard,0.712231,0.2945,True,10.66,117.19
2026-08-02T14:54:48.390,cardboard,0.767158,0.2943,True,10.66,115.96
2026-08-02T14:54:48.700,cardboard,0.769894,0.2945,True,10.66,119.14
2026-08-02T14:54:49.001,cardboard,0.832347,0.2956,True,9.15,120.90
2026-08-02T14:54:49.309,cardboard,0.881175,0.2919,True,9.15,117.12
2026-08-02T14:54:49.608,cardboard,0.912074,0.2884,True,9.15,117.04
2026-08-02T14:54:49.922,cardboard,0.935520,0.2920,True,10.58,117.32
2026-08-02T14:54:50.223,cardboard,0.948579,0.2943,True,10.58,118.53
2026-08-02T14:54:50.525,cardboard,0.952767,0.2938,True,10.58,114.39
2026-08-02T14:54:50.832,cardboard,0.960435,0.2905,True,10.58,114.45
2026-08-02T14:54:51.132,cardboard,0.962421,0.2904,True,9.15,114.61
2026-08-02T14:54:51.424,cardboard,0.959928,0.2904,True,9.15,116.37
2026-08-02T14:54:51.733,cardboard,0.961308,0.2904,True,9.15,114.05
2026-08-02T14:54:52.034,cardboard,0.893766,0.2887,True,10.61,112.19
2026-08-02T14:54:52.319,cardboard,0.643752,0.2883,True,10.61,113.41
2026-08-02T14:54:52.615,cardboard,0.738320,0.2849,True,10.61,116.18
2026-08-02T14:54:52.918,cardboard,0.605813,0.2837,True,10.61,115.75
2026-08-02T14:54:53.227,cardboard,0.561820,0.2911,True,9.53,113.91
2026-08-02T14:54:53.520,cardboard,0.503115,0.3178,True,9.53,116.51
2026-08-02T14:54:53.827,cardboard,0.566752,0.3250,True,9.53,114.81
2026-08-02T14:54:54.123,cardboard,0.511619,0.3379,True,10.64,113.44
2026-08-02T14:54:54.425,cardboard,0.633000,0.3428,True,10.64,114.69
2026-08-02T14:54:54.748,cardboard,0.738516,0.2858,True,10.64,122.69
2026-08-02T14:54:55.059,cardboard,0.818890,0.2862,True,10.64,124.36
2026-08-02T14:54:55.362,cardboard,0.867804,0.3550,True,9.03,120.80
2026-08-02T14:54:55.675,cardboard,0.888777,0.3791,True,9.03,122.10
2026-08-02T14:54:55.970,cardboard,0.913869,0.3961,True,9.03,121.45
2026-08-02T14:54:56.277,cardboard,0.791044,0.3395,True,10.60,117.78
2026-08-02T14:54:56.583,cardboard,0.537492,0.3218,True,10.60,121.05
2026-08-02T14:54:56.897,cardboard,0.437519,0.3218,True,10.60,118.80
2026-08-02T14:54:57.202,cardboard,0.544697,0.3201,True,10.60,117.15
2026-08-02T14:54:57.491,cardboard,0.489388,0.3063,True,9.05,118.16
2026-08-02T14:54:57.800,cardboard,0.452664,0.3360,True,9.05,120.01
2026-08-02T14:54:58.097,cardboard,0.457769,0.3528,True,9.05,118.98
2026-08-02T14:54:58.401,cardboard,0.503201,0.4188,True,10.82,116.76
2026-08-02T14:54:58.709,cardboard,0.623030,0.4718,True,10.82,120.08
2026-08-02T14:54:59.015,cardboard,0.650293,0.4690,True,10.82,115.95
2026-08-02T14:54:59.331,cardboard,0.683156,0.3007,True,10.82,114.50
2026-08-02T14:54:59.636,cardboard,0.717920,0.2923,True,9.00,114.47
2026-08-02T14:54:59.956,cardboard,0.748301,0.3106,True,9.00,120.05
2026-08-02T14:55:00.271,cardboard,0.702067,0.4097,True,9.00,122.72
2026-08-02T14:55:00.570,cardboard,0.680909,0.4547,True,10.31,121.79
2026-08-02T14:55:00.889,cardboard,0.550695,0.4556,True,10.31,120.87
2026-08-02T14:55:01.181,glass,0.428636,0.4359,True,10.31,119.97
2026-08-02T14:55:01.483,glass,0.377695,0.4228,True,10.31,119.18
2026-08-02T14:55:01.801,glass,0.507316,0.4164,True,9.20,119.35
2026-08-02T14:55:02.102,cardboard,0.364064,0.2865,True,9.20,119.22
2026-08-02T14:55:02.401,cardboard,0.444897,0.2828,True,9.20,117.91
2026-08-02T14:55:02.702,cardboard,0.416586,0.2823,True,10.54,118.23
2026-08-02T14:55:03.007,metal,0.460856,0.2813,True,10.54,116.22
2026-08-02T14:55:03.310,metal,0.500811,0.2813,True,10.54,117.03
2026-08-02T14:55:03.612,metal,0.421043,0.2813,True,10.54,117.34
2026-08-02T14:55:03.907,metal,0.319150,0.2813,True,9.22,116.02
2026-08-02T14:55:04.221,glass,0.293729,0.2813,True,9.22,116.16
2026-08-02T14:55:04.524,glass,0.268116,0.2813,True,9.22,112.91
2026-08-02T14:55:04.839,paper,0.288109,0.2831,True,10.61,128.15
2026-08-02T14:55:05.159,cardboard,0.326496,0.2847,True,10.61,121.13
2026-08-02T14:55:05.505,cardboard,0.314169,0.2844,True,10.61,139.23
2026-08-02T14:55:05.886,paper,0.312945,0.2848,True,10.61,172.23
2026-08-02T14:55:06.213,glass,0.313747,0.2861,True,8.08,133.47
2026-08-02T14:55:06.510,cardboard,0.338800,0.2881,True,8.08,112.94
2026-08-02T14:55:06.818,cardboard,0.413897,0.3105,True,8.08,117.06
2026-08-02T14:55:07.120,cardboard,0.471565,0.3185,True,9.97,113.61
2026-08-02T14:55:07.423,cardboard,0.368056,0.3433,True,9.97,115.42
2026-08-02T14:55:07.725,cardboard,0.375645,0.3600,True,9.97,114.68
2026-08-02T14:55:08.038,cardboard,0.415942,0.3718,True,9.97,117.52
2026-08-02T14:55:08.351,cardboard,0.358225,0.3976,True,9.58,117.82
2026-08-02T14:55:08.655,cardboard,0.415744,0.4164,True,9.58,123.95
2026-08-02T14:55:08.965,cardboard,0.452489,0.4388,True,9.58,118.12
2026-08-02T14:55:09.280,cardboard,0.353613,0.4396,True,10.40,120.93
2026-08-02T14:55:09.591,glass,0.395539,0.4485,True,10.40,121.05
2026-08-02T14:55:09.900,glass,0.344209,0.4539,True,10.40,122.32
2026-08-02T14:55:10.206,cardboard,0.410757,0.4636,True,10.40,118.11
2026-08-02T14:55:10.504,cardboard,0.546955,0.4527,True,9.01,117.54
2026-08-02T14:55:10.800,cardboard,0.537579,0.4343,True,9.01,118.10
2026-08-02T14:55:11.111,cardboard,0.602098,0.4301,True,9.01,114.65
2026-08-02T14:55:11.423,cardboard,0.561960,0.4380,True,10.56,114.05
2026-08-02T14:55:11.730,cardboard,0.460354,0.4660,True,10.56,115.25
2026-08-02T14:55:12.047,cardboard,0.548028,0.4642,True,10.56,121.90
2026-08-02T14:55:12.357,cardboard,0.540077,0.4527,True,10.56,120.86
2026-08-02T14:55:12.671,cardboard,0.506252,0.4169,True,9.01,122.45
2026-08-02T14:55:12.978,cardboard,0.662587,0.2921,True,9.01,120.03
2026-08-02T14:55:13.285,cardboard,0.759861,0.2937,True,9.01,117.20
2026-08-02T14:55:13.605,cardboard,0.834061,0.3213,True,10.36,126.35
2026-08-02T14:55:13.912,cardboard,0.879629,0.3213,True,10.36,120.16
2026-08-02T14:55:14.219,cardboard,0.910286,0.3485,True,10.36,115.61
2026-08-02T14:55:14.534,cardboard,0.924953,0.3485,True,10.36,114.24
2026-08-02T14:55:14.824,cardboard,0.932428,0.3277,True,8.97,117.99
2026-08-02T14:55:15.150,cardboard,0.937129,0.3262,True,8.97,132.03
2026-08-02T14:55:15.443,cardboard,0.949155,0.3211,True,8.97,117.97
2026-08-02T14:55:15.748,cardboard,0.955264,0.3237,True,10.71,123.64
2026-08-02T14:55:16.059,cardboard,0.959730,0.3202,True,10.71,117.58
2026-08-02T14:55:16.351,cardboard,0.958371,0.3100,True,10.71,119.81
2026-08-02T14:55:16.657,cardboard,0.953425,0.3083,True,10.71,123.68
2026-08-02T14:55:16.966,cardboard,0.955709,0.3003,True,9.13,120.00
2026-08-02T14:55:17.277,cardboard,0.957580,0.3017,True,9.13,122.79
2026-08-02T14:55:17.572,cardboard,0.962651,0.2981,True,9.13,121.49
2026-08-02T14:55:17.878,cardboard,0.956959,0.2985,True,10.67,121.35
2026-08-02T14:55:18.190,cardboard,0.735112,0.3019,True,10.67,122.18
2026-08-02T14:55:18.494,cardboard,0.804352,0.3705,True,10.67,117.58
2026-08-02T14:55:18.799,cardboard,0.870402,0.3783,True,10.67,118.18
2026-08-02T14:55:19.102,cardboard,0.915164,0.3854,True,8.99,117.51
2026-08-02T14:55:19.391,cardboard,0.943356,0.3854,True,8.99,118.32
2026-08-02T14:55:19.699,cardboard,0.961711,0.3667,True,8.99,118.99
2026-08-02T14:55:20.006,cardboard,0.971704,0.3890,True,10.77,118.32
2026-08-02T14:55:20.318,cardboard,0.978712,0.4902,True,10.77,115.09
2026-08-02T14:55:20.627,cardboard,0.971121,0.4499,True,10.77,115.18
2026-08-02T14:55:20.946,cardboard,0.910971,0.3120,True,10.77,122.69
2026-08-02T14:55:21.271,cardboard,0.925556,0.3055,True,8.89,133.88
2026-08-02T14:55:21.573,cardboard,0.935590,0.3250,True,8.89,121.05
2026-08-02T14:55:21.882,cardboard,0.940809,0.3280,True,8.89,115.62
2026-08-02T14:55:22.188,cardboard,0.944228,0.3185,True,9.95,118.04
2026-08-02T14:55:22.490,cardboard,0.952513,0.2877,True,9.95,120.70
2026-08-02T14:55:22.806,cardboard,0.957978,0.2873,True,9.95,119.25
2026-08-02T14:55:23.105,cardboard,0.960203,0.2868,True,9.95,118.00
2026-08-02T14:55:23.399,cardboard,0.963283,0.2868,True,9.53,116.26
2026-08-02T14:55:23.705,cardboard,0.958156,0.2868,True,9.53,119.00
2026-08-02T14:55:24.010,cardboard,0.963794,0.2869,True,9.53,117.20
2026-08-02T14:55:24.316,cardboard,0.963082,0.2872,True,10.71,114.24
2026-08-02T14:55:24.616,cardboard,0.962083,0.2873,True,10.71,118.48
2026-08-02T14:55:24.925,cardboard,0.967047,0.2872,True,10.71,115.43
2026-08-02T14:55:25.226,cardboard,0.970136,0.2868,True,10.71,113.80
2026-08-02T14:55:25.525,cardboard,0.960477,0.2868,True,9.14,113.18
2026-08-02T14:55:25.847,cardboard,0.959575,0.2880,True,9.14,120.19
2026-08-02T14:55:26.151,cardboard,0.957395,0.2873,True,9.14,120.74
2026-08-02T14:55:26.457,cardboard,0.954163,0.2859,True,10.48,120.63
2026-08-02T14:55:26.767,cardboard,0.955411,0.2865,True,10.48,121.52
2026-08-02T14:55:27.084,cardboard,0.952995,0.2868,True,10.48,120.92
2026-08-02T14:55:27.392,cardboard,0.938118,0.2869,True,10.48,119.88
2026-08-02T14:55:27.699,cardboard,0.612476,0.2873,True,8.95,121.48
2026-08-02T14:55:28.005,cardboard,0.606782,0.2880,True,8.95,119.36
2026-08-02T14:55:28.298,cardboard,0.575837,0.2902,True,8.95,120.05
2026-08-02T14:55:28.607,paper,0.398695,0.4223,True,10.68,116.77
2026-08-02T14:55:28.904,paper,0.596303,0.4672,True,10.68,119.59
2026-08-02T14:55:29.215,paper,0.723467,0.4759,True,10.68,120.02
2026-08-02T14:55:29.510,paper,0.802317,0.4866,True,10.68,117.57
2026-08-02T14:55:29.815,paper,0.856893,0.4960,True,9.19,121.46
2026-08-02T14:55:30.119,paper,0.893027,0.4923,True,9.19,116.01
2026-08-02T14:55:30.431,paper,0.885780,0.4896,True,9.19,114.62
2026-08-02T14:55:30.753,paper,0.915714,0.4896,True,10.41,122.80
2026-08-02T14:55:31.059,paper,0.921022,0.4889,True,10.41,121.12
2026-08-02T14:55:31.364,paper,0.928719,0.4892,True,10.41,121.22
2026-08-02T14:55:31.660,paper,0.942506,0.4882,True,10.41,117.68
2026-08-02T14:55:31.954,paper,0.955596,0.4876,True,9.15,121.21
2026-08-02T14:55:32.251,paper,0.950405,0.4807,True,9.15,119.18
2026-08-02T14:55:32.551,paper,0.955982,0.4781,True,9.15,117.65
2026-08-02T14:55:32.851,paper,0.959057,0.4759,True,10.98,121.35
2026-08-02T14:55:33.159,paper,0.966222,0.4759,True,10.98,121.09
2026-08-02T14:55:33.472,paper,0.965747,0.4759,True,10.98,120.24
2026-08-02T14:55:33.774,paper,0.961727,0.4648,True,10.98,121.54
2026-08-02T14:55:34.087,paper,0.958013,0.4612,True,8.99,119.73
2026-08-02T14:55:34.394,paper,0.967057,0.4568,True,8.99,119.21
2026-08-02T14:55:34.688,paper,0.973471,0.4594,True,8.99,121.82
2026-08-02T14:55:34.996,paper,0.970796,0.4594,True,10.51,121.49
2026-08-02T14:55:35.308,paper,0.970032,0.4576,True,10.51,118.24
2026-08-02T14:55:35.613,paper,0.962907,0.4547,True,10.51,116.42
2026-08-02T14:55:35.915,paper,0.949353,0.4547,True,10.51,114.27
2026-08-02T14:55:36.238,paper,0.948191,0.4527,True,9.14,112.38
2026-08-02T14:55:36.521,paper,0.955712,0.4513,True,9.14,113.69
2026-08-02T14:55:36.825,paper,0.814888,0.4504,True,9.14,115.62
2026-08-02T14:55:37.165,paper,0.541246,0.4504,True,10.43,141.98
2026-08-02T14:55:37.511,cardboard,0.564691,0.3990,True,10.43,116.27
2026-08-02T14:55:37.811,cardboard,0.707756,0.2870,True,10.43,117.30
2026-08-02T14:55:38.115,cardboard,0.795682,0.2868,True,10.43,115.60
2026-08-02T14:55:38.418,cardboard,0.854903,0.2863,True,8.73,116.59
2026-08-02T14:55:38.707,cardboard,0.894970,0.2864,True,8.73,118.96
2026-08-02T14:55:38.999,cardboard,0.921139,0.2865,True,8.73,116.03
2026-08-02T14:55:39.299,cardboard,0.932335,0.2870,True,10.90,120.64
2026-08-02T14:55:39.600,cardboard,0.943814,0.2878,True,10.90,117.89
2026-08-02T14:55:39.899,cardboard,0.944820,0.2871,True,10.90,118.66
2026-08-02T14:55:40.203,cardboard,0.952598,0.2868,True,10.90,117.75
2026-08-02T14:55:40.549,cardboard,0.958094,0.2884,True,9.27,122.87
2026-08-02T14:55:40.868,cardboard,0.959652,0.2873,True,9.27,118.32
2026-08-02T14:55:41.166,cardboard,0.954834,0.2873,True,9.27,120.39
2026-08-02T14:55:41.466,cardboard,0.955437,0.2873,True,9.81,121.78
2026-08-02T14:55:41.784,cardboard,0.960694,0.2883,True,9.81,121.35
2026-08-02T14:55:42.084,cardboard,0.963470,0.2878,True,9.81,123.59
2026-08-02T14:55:42.384,cardboard,0.961452,0.2865,True,9.81,120.28
2026-08-02T14:55:42.705,cardboard,0.956671,0.2870,True,9.47,117.42
2026-08-02T14:55:43.009,cardboard,0.961058,0.2873,True,9.47,116.68
2026-08-02T14:55:43.307,cardboard,0.968441,0.2874,True,9.47,118.37
2026-08-02T14:55:43.617,cardboard,0.968121,0.2881,True,10.50,119.30
2026-08-02T14:55:43.933,cardboard,0.971483,0.2892,True,10.50,114.70
2026-08-02T14:55:44.234,cardboard,0.971277,0.9633,True,10.50,112.77
2026-08-02T14:55:44.529,cardboard,0.961866,0.9646,True,10.50,113.57
2026-08-02T14:55:44.849,cardboard,0.957033,0.9659,True,9.11,122.24
2026-08-02T14:55:45.152,cardboard,0.959641,0.9659,True,9.11,121.18
2026-08-02T14:55:45.464,cardboard,0.965186,0.9646,True,9.11,111.89
2026-08-02T14:55:45.776,cardboard,0.963955,0.9646,True,10.26,124.33
2026-08-02T14:55:46.079,cardboard,0.968375,0.9607,True,10.26,124.46
2026-08-02T14:55:46.387,cardboard,0.971965,0.9633,True,10.26,120.69
2026-08-02T14:55:46.690,cardboard,0.976112,0.9633,True,10.26,120.34
2026-08-02T14:55:46.992,cardboard,0.980271,0.9672,True,9.18,119.14
2026-08-02T14:55:47.302,cardboard,0.980664,0.9659,True,9.18,115.59
2026-08-02T14:55:47.613,cardboard,0.980533,0.9672,True,9.18,116.66
2026-08-02T14:55:47.934,cardboard,0.981748,0.9659,True,10.40,114.14
2026-08-02T14:55:48.239,cardboard,0.961213,0.9646,True,10.40,113.35
2026-08-02T14:55:48.561,cardboard,0.956587,0.9594,True,10.40,119.98
2026-08-02T14:55:48.865,cardboard,0.959962,0.9530,True,10.40,113.43
2026-08-02T14:55:49.172,cardboard,0.962960,0.9581,True,8.95,121.85
2026-08-02T14:55:49.485,cardboard,0.968892,0.9594,True,8.95,116.55
2026-08-02T14:55:49.797,cardboard,0.971489,0.9594,True,8.95,121.60
2026-08-02T14:55:50.109,cardboard,0.966950,0.9543,True,9.94,116.72
2026-08-02T14:55:50.419,cardboard,0.968297,0.9543,True,9.94,116.37
2026-08-02T14:55:50.726,cardboard,0.970987,0.9633,True,9.94,115.62
2026-08-02T14:55:51.025,cardboard,0.964996,0.9633,True,9.94,113.51
2026-08-02T14:55:51.332,cardboard,0.961622,0.9594,True,9.53,115.01
2026-08-02T14:55:51.634,cardboard,0.960681,0.9633,True,9.53,113.74
2026-08-02T14:55:51.926,cardboard,0.957992,0.9633,True,9.53,113.77
2026-08-02T14:55:52.219,cardboard,0.841736,0.2854,True,10.82,115.78
2026-08-02T14:55:52.524,cardboard,0.888291,0.2893,True,10.82,112.72
2026-08-02T14:55:52.831,cardboard,0.907222,0.3101,True,10.82,116.14
2026-08-02T14:55:53.129,cardboard,0.784074,0.3265,True,10.82,114.42
2026-08-02T14:55:53.434,cardboard,0.549561,0.3076,True,9.20,114.75
2026-08-02T14:55:53.755,cardboard,0.666448,0.2944,True,9.20,121.95
2026-08-02T14:55:54.065,cardboard,0.638309,0.2901,True,9.20,123.60
2026-08-02T14:55:54.371,cardboard,0.758160,0.2909,True,9.99,120.73
2026-08-02T14:55:54.690,cardboard,0.835227,0.2909,True,9.99,120.66
2026-08-02T14:55:54.990,cardboard,0.610245,0.2923,True,9.99,121.54
2026-08-02T14:55:55.300,cardboard,0.734603,0.2906,True,9.99,117.61
2026-08-02T14:55:55.604,cardboard,0.824406,0.2901,True,9.40,118.04
2026-08-02T14:55:55.906,cardboard,0.874841,0.2877,True,9.40,118.71
2026-08-02T14:55:56.206,cardboard,0.908533,0.2865,True,9.40,118.19
2026-08-02T14:55:56.501,cardboard,0.908066,0.2888,True,10.72,118.11
2026-08-02T14:55:56.807,cardboard,0.936187,0.2907,True,10.72,116.56
2026-08-02T14:55:57.114,cardboard,0.950309,0.2907,True,10.72,118.01
2026-08-02T14:55:57.416,cardboard,0.945412,0.2935,True,10.72,115.88
2026-08-02T14:55:57.720,cardboard,0.947251,0.2886,True,9.17,118.69
2026-08-02T14:55:58.030,cardboard,0.954693,0.2935,True,9.17,119.89
2026-08-02T14:55:58.342,cardboard,0.969485,0.3208,True,9.17,121.20
2026-08-02T14:55:58.645,cardboard,0.976446,0.3950,True,10.50,117.12
2026-08-02T14:55:58.961,cardboard,0.981129,0.3111,True,10.50,122.54
2026-08-02T14:55:59.280,cardboard,0.985596,0.2935,True,10.50,118.28
2026-08-02T14:55:59.586,cardboard,0.984557,0.2896,True,10.50,120.48
2026-08-02T14:55:59.894,cardboard,0.987172,0.2966,True,8.91,118.72
2026-08-02T14:56:00.207,cardboard,0.983750,0.4396,True,8.91,118.63
2026-08-02T14:56:00.509,cardboard,0.980130,0.4396,True,8.91,115.77
2026-08-02T14:56:00.815,cardboard,0.976111,0.2884,True,10.57,115.75
2026-08-02T14:56:01.118,cardboard,0.958591,0.2863,True,10.57,116.56
2026-08-02T14:56:01.423,cardboard,0.966052,0.2863,True,10.57,116.84
2026-08-02T14:56:01.719,cardboard,0.968843,0.2856,True,10.57,114.10
2026-08-02T14:56:02.022,cardboard,0.736512,0.2868,True,9.15,114.88
2026-08-02T14:56:02.354,cardboard,0.529761,0.2886,True,9.15,120.91
2026-08-02T14:56:02.655,cardboard,0.481260,0.2886,True,9.15,121.46
2026-08-02T14:56:02.977,cardboard,0.638492,0.2879,True,9.89,121.06
2026-08-02T14:56:03.284,cardboard,0.415783,0.2924,True,9.89,119.76
2026-08-02T14:56:03.591,glass,0.334898,0.2924,True,9.89,119.13
2026-08-02T14:56:03.897,cardboard,0.539992,0.2861,True,9.89,116.65
2026-08-02T14:56:04.207,glass,0.426167,0.2866,True,9.42,121.69
2026-08-02T14:56:04.514,glass,0.413811,0.3283,True,9.42,117.03
2026-08-02T14:56:04.819,glass,0.407283,0.3283,True,9.42,115.76
2026-08-02T14:56:05.112,cardboard,0.463238,0.3420,True,10.62,118.76
2026-08-02T14:56:05.425,cardboard,0.563973,0.3420,True,10.62,132.73
2026-08-02T14:56:05.738,cardboard,0.404495,0.3242,True,10.62,120.37
2026-08-02T14:56:06.051,cardboard,0.502169,0.3350,True,10.62,126.66
2026-08-02T14:56:06.406,cardboard,0.463299,0.3443,True,8.94,133.20
2026-08-02T14:56:06.752,cardboard,0.570895,0.3881,True,8.94,117.60
2026-08-02T14:56:07.058,cardboard,0.634400,0.9442,True,8.94,121.98
2026-08-02T14:56:07.370,cardboard,0.712928,0.9518,True,8.94,119.92
2026-08-02T14:56:07.684,cardboard,0.758976,0.9518,True,8.94,121.08
2026-08-02T14:56:07.988,cardboard,0.526096,0.5685,True,8.94,117.52
2026-08-02T14:56:08.292,cardboard,0.669178,0.3386,True,9.98,117.95
2026-08-02T14:56:08.597,cardboard,0.747790,0.3331,True,9.98,120.28
2026-08-02T14:56:08.907,cardboard,0.721785,0.4394,True,9.98,118.68
2026-08-02T14:56:09.208,cardboard,0.815008,0.9480,True,9.98,116.37
2026-08-02T14:56:09.522,cardboard,0.795516,0.9569,True,9.58,112.73
2026-08-02T14:56:09.828,cardboard,0.792574,0.9556,True,9.58,117.23
2026-08-02T14:56:10.124,cardboard,0.816754,0.3139,True,9.58,115.40
2026-08-02T14:56:10.449,cardboard,0.833908,0.3292,True,10.51,124.37
2026-08-02T14:56:10.742,cardboard,0.563226,0.3294,True,10.51,119.12
2026-08-02T14:56:11.039,cardboard,0.709975,0.3315,True,10.51,115.28
2026-08-02T14:56:11.322,cardboard,0.799656,0.3315,True,10.51,111.95
2026-08-02T14:56:11.623,cardboard,0.861211,0.2862,True,9.38,114.26
2026-08-02T14:56:11.917,cardboard,0.902611,0.2862,True,9.38,113.68
2026-08-02T14:56:12.215,cardboard,0.931577,0.2866,True,9.38,116.13
2026-08-02T14:56:12.510,cardboard,0.944540,0.2905,True,10.81,117.31
2026-08-02T14:56:12.829,cardboard,0.955435,0.5662,True,10.81,117.61
2026-08-02T14:56:13.127,cardboard,0.963961,0.9283,True,10.81,113.25
2026-08-02T14:56:13.415,cardboard,0.958854,0.9356,True,10.81,115.08
2026-08-02T14:56:13.720,cardboard,0.966769,0.9405,True,9.30,116.35
2026-08-02T14:56:14.027,cardboard,0.968984,0.9430,True,9.30,115.56
2026-08-02T14:56:14.326,cardboard,0.967346,0.9430,True,9.30,112.75
2026-08-02T14:56:14.644,cardboard,0.976947,0.9530,True,10.61,121.94
2026-08-02T14:56:14.948,cardboard,0.979010,0.9518,True,10.61,120.30
2026-08-02T14:56:15.263,cardboard,0.964446,0.3618,True,10.61,121.82
2026-08-02T14:56:15.569,cardboard,0.933182,0.2863,True,10.61,120.91
2026-08-02T14:56:15.878,cardboard,0.878453,0.2862,True,8.95,121.82
2026-08-02T14:56:16.181,cardboard,0.884468,0.2853,True,8.95,122.18
2026-08-02T14:56:16.488,cardboard,0.817766,0.2863,True,8.95,119.57
2026-08-02T14:56:16.784,cardboard,0.572379,0.2863,True,10.68,124.00
2026-08-02T14:56:17.102,glass,0.540655,0.2841,True,10.68,120.22
2026-08-02T14:56:17.395,glass,0.681931,0.2831,True,10.68,116.22
2026-08-02T14:56:17.699,glass,0.787842,0.2883,True,10.68,119.58
2026-08-02T14:56:18.005,glass,0.833409,0.2925,True,9.09,116.13
2026-08-02T14:56:18.301,glass,0.846383,0.3552,True,9.09,118.46
2026-08-02T14:56:18.602,glass,0.739867,0.3907,True,9.09,117.99
2026-08-02T14:56:18.906,glass,0.631843,0.4106,True,10.69,118.38
2026-08-02T14:56:19.206,glass,0.705928,0.4142,True,10.69,117.90
2026-08-02T14:56:19.496,glass,0.778119,0.4131,True,10.69,118.06
2026-08-02T14:56:19.796,glass,0.832702,0.3937,True,10.69,123.42
2026-08-02T14:56:20.107,glass,0.880867,0.3909,True,9.37,116.12
2026-08-02T14:56:20.414,glass,0.767316,0.3745,True,9.37,114.22
2026-08-02T14:56:20.725,glass,0.825688,0.4265,True,9.37,116.20
2026-08-02T14:56:21.023,glass,0.866186,0.4380,True,10.48,115.58
2026-08-02T14:56:21.328,glass,0.890433,0.4426,True,10.48,112.45
2026-08-02T14:56:21.647,glass,0.897195,0.4471,True,10.48,120.24
2026-08-02T14:56:21.953,glass,0.920701,0.4501,True,10.48,118.38
2026-08-02T14:56:22.257,glass,0.881562,0.4501,True,9.02,117.31
2026-08-02T14:56:22.561,glass,0.690528,0.4521,True,9.02,120.95
2026-08-02T14:56:22.854,cardboard,0.474219,0.4388,True,9.02,122.80
2026-08-02T14:56:23.152,cardboard,0.630840,0.4380,True,10.70,118.61
2026-08-02T14:56:23.456,cardboard,0.530406,0.4553,True,10.70,118.55
2026-08-02T14:56:23.756,glass,0.442116,0.4746,True,10.70,117.41
2026-08-02T14:56:24.056,glass,0.423971,0.4856,True,10.70,121.97
2026-08-02T14:56:24.354,glass,0.501723,0.4856,True,9.30,120.20
2026-08-02T14:56:24.647,glass,0.563901,0.4836,True,9.30,117.31
2026-08-02T14:56:24.956,glass,0.497545,0.4797,True,9.30,120.61
2026-08-02T14:56:25.255,glass,0.572967,0.4660,True,10.76,119.52
2026-08-02T14:56:25.571,glass,0.606461,0.4482,True,10.76,120.93
2026-08-02T14:56:25.886,glass,0.664158,0.4448,True,10.76,120.26
2026-08-02T14:56:26.188,glass,0.583224,0.4663,True,10.76,119.60
2026-08-02T14:56:26.495,glass,0.446857,0.4817,True,9.01,118.71
2026-08-02T14:56:26.792,cardboard,0.502728,0.4709,True,9.01,120.40
2026-08-02T14:56:27.108,cardboard,0.622116,0.4703,True,9.01,117.64
2026-08-02T14:56:27.414,cardboard,0.744436,0.4504,True,10.55,114.73
2026-08-02T14:56:27.709,cardboard,0.821812,0.4390,True,10.55,116.84
2026-08-02T14:56:28.010,cardboard,0.874567,0.4843,True,10.55,117.11
2026-08-02T14:56:28.312,cardboard,0.910409,0.4390,True,10.55,113.28
2026-08-02T14:56:28.644,cardboard,0.935207,0.3167,True,9.25,122.65
2026-08-02T14:56:28.955,cardboard,0.951287,0.4800,True,9.25,118.29
2026-08-02T14:56:29.259,cardboard,0.959270,0.5459,True,9.25,122.36
2026-08-02T14:56:29.570,cardboard,0.961348,0.4527,True,9.87,119.10
2026-08-02T14:56:29.873,cardboard,0.958745,0.3755,True,9.87,118.97
2026-08-02T14:56:30.174,cardboard,0.952732,0.3663,True,9.87,120.49
2026-08-02T14:56:30.483,cardboard,0.958688,0.4225,True,9.87,118.35
2026-08-02T14:56:30.800,cardboard,0.965176,0.4559,True,9.50,123.17
2026-08-02T14:56:31.102,cardboard,0.970935,0.4255,True,9.50,117.74
2026-08-02T14:56:31.408,cardboard,0.968117,0.2900,True,9.50,116.16
2026-08-02T14:56:31.707,cardboard,0.961675,0.3338,True,10.51,118.48
2026-08-02T14:56:32.020,cardboard,0.961455,0.4472,True,10.51,116.25
2026-08-02T14:56:32.327,cardboard,0.957631,0.4446,True,10.51,114.14
2026-08-02T14:56:32.625,cardboard,0.965224,0.4223,True,10.51,113.64
2026-08-02T14:56:32.938,cardboard,0.958878,0.4524,True,9.14,120.79
2026-08-02T14:56:33.240,cardboard,0.960507,0.4960,True,9.14,112.22
2026-08-02T14:56:33.557,cardboard,0.962597,0.4919,True,9.14,119.02
2026-08-02T14:56:33.866,cardboard,0.966518,0.4690,True,10.40,121.06
2026-08-02T14:56:34.168,cardboard,0.960563,0.4482,True,10.40,121.31
2026-08-02T14:56:34.476,cardboard,0.960432,0.4660,True,10.40,120.92
2026-08-02T14:56:34.776,cardboard,0.963002,0.4493,True,10.40,112.50
2026-08-02T14:56:35.083,cardboard,0.954960,0.3441,True,9.15,120.73
2026-08-02T14:56:35.392,cardboard,0.951130,0.4258,True,9.15,117.22
2026-08-02T14:56:35.707,cardboard,0.959151,0.4440,True,9.15,116.19
2026-08-02T14:56:36.007,cardboard,0.959114,0.4005,True,10.39,118.29
2026-08-02T14:56:36.310,cardboard,0.964143,0.4255,True,10.39,116.97
2026-08-02T14:56:36.612,cardboard,0.965613,0.4309,True,10.39,116.89
2026-08-02T14:56:36.913,cardboard,0.963729,0.4317,True,10.39,113.74
2026-08-02T14:56:37.213,cardboard,0.961563,0.4309,True,9.27,115.72
2026-08-02T14:56:37.512,cardboard,0.956197,0.3924,True,9.27,111.14
2026-08-02T14:56:37.826,cardboard,0.954672,0.3507,True,9.27,115.04
2026-08-02T14:56:38.133,cardboard,0.945907,0.4099,True,10.56,116.80
2026-08-02T14:56:38.441,cardboard,0.948179,0.6289,True,10.56,118.48
2026-08-02T14:56:38.730,cardboard,0.947766,0.4603,True,10.56,115.51
2026-08-02T14:56:39.047,cardboard,0.957802,0.3771,True,10.56,121.95
2026-08-02T14:56:39.352,cardboard,0.961749,0.4268,True,9.15,116.61
2026-08-02T14:56:39.663,cardboard,0.957475,0.4504,True,9.15,120.33
2026-08-02T14:56:39.960,cardboard,0.958283,0.5640,True,9.15,116.85
2026-08-02T14:56:40.275,cardboard,0.957088,0.5198,True,10.53,120.89
2026-08-02T14:56:40.580,cardboard,0.958094,0.4399,True,10.53,120.53
2026-08-02T14:56:40.888,cardboard,0.949245,0.4399,True,10.53,118.00
2026-08-02T14:56:41.193,cardboard,0.951739,0.4399,True,10.53,121.92
2026-08-02T14:56:41.501,cardboard,0.898124,0.4471,True,9.08,115.91
2026-08-02T14:56:41.805,cardboard,0.592107,0.4703,True,9.08,119.72
2026-08-02T14:56:42.098,cardboard,0.655794,0.4457,True,9.08,111.90
2026-08-02T14:56:42.387,cardboard,0.744128,0.3628,True,10.90,115.89
2026-08-02T14:56:42.697,cardboard,0.747290,0.3615,True,10.90,118.85
2026-08-02T14:56:43.021,cardboard,0.742622,0.3620,True,10.90,115.77
2026-08-02T14:56:43.319,cardboard,0.780835,0.3622,True,10.90,115.43
2026-08-02T14:56:43.625,cardboard,0.801109,0.3579,True,8.96,113.78
2026-08-02T14:56:43.934,cardboard,0.601725,0.3667,True,8.96,113.50
2026-08-02T14:56:44.226,cardboard,0.397587,0.3678,True,8.96,113.90
2026-08-02T14:56:44.542,glass,0.329258,0.3684,True,10.64,119.64
2026-08-02T14:56:44.852,glass,0.355409,0.3552,True,10.64,122.35
2026-08-02T14:56:45.159,plastic,0.435552,0.3493,True,10.64,120.70
2026-08-02T14:56:45.468,plastic,0.494155,0.3348,True,10.64,123.23
2026-08-02T14:56:45.772,plastic,0.508819,0.3094,True,8.97,117.30
2026-08-02T14:56:46.072,plastic,0.489391,0.2929,True,8.97,121.02
2026-08-02T14:56:46.371,glass,0.504448,0.2868,True,8.97,118.07
2026-08-02T14:56:46.666,glass,0.625882,0.2883,True,10.82,119.28
2026-08-02T14:56:46.975,glass,0.526998,0.2959,True,10.82,120.34
2026-08-02T14:56:47.274,glass,0.383024,0.3379,True,10.82,115.79
2026-08-02T14:56:47.571,glass,0.272869,0.3490,True,10.82,118.43
2026-08-02T14:56:47.872,cardboard,0.333833,0.3498,True,9.20,123.31
2026-08-02T14:56:48.164,cardboard,0.278047,0.3762,True,9.20,117.93
2026-08-02T14:56:48.493,glass,0.432595,0.4791,True,9.20,118.92
2026-08-02T14:56:48.820,glass,0.546505,0.9129,True,10.29,115.73
2026-08-02T14:56:49.147,glass,0.535412,0.9129,True,10.29,118.15
2026-08-02T14:56:49.449,glass,0.564016,0.5390,True,10.29,115.72
2026-08-02T14:56:49.742,glass,0.460108,0.5910,True,10.29,118.23
2026-08-02T14:56:50.049,glass,0.391186,0.5910,True,9.08,120.49
2026-08-02T14:56:50.354,glass,0.552427,0.3218,True,9.08,117.69
2026-08-02T14:56:50.672,glass,0.545773,0.2869,True,9.08,119.69
2026-08-02T14:56:50.982,glass,0.656183,0.2869,True,10.46,119.44
2026-08-02T14:56:51.282,glass,0.715106,0.2868,True,10.46,117.30
2026-08-02T14:56:51.586,glass,0.481995,0.2868,True,10.46,118.62
2026-08-02T14:56:51.895,plastic,0.467454,0.2869,True,10.46,115.94
2026-08-02T14:56:52.198,plastic,0.613488,0.3268,True,9.08,117.53
2026-08-02T14:56:52.504,plastic,0.412065,0.3268,True,9.08,123.30
2026-08-02T14:56:52.791,glass,0.314478,0.2868,True,9.08,120.35
2026-08-02T14:56:53.103,glass,0.425498,0.2854,True,10.69,117.99
2026-08-02T14:56:53.404,glass,0.400091,0.2849,True,10.69,116.58
2026-08-02T14:56:53.709,glass,0.446607,0.2849,True,10.69,118.28
2026-08-02T14:56:54.011,cardboard,0.391109,0.2906,True,10.69,117.68
2026-08-02T14:56:54.313,cardboard,0.453918,0.2905,True,9.20,113.10
2026-08-02T14:56:54.614,cardboard,0.582656,0.2905,True,9.20,117.94
2026-08-02T14:56:54.926,cardboard,0.620091,0.3014,True,9.20,115.51
2026-08-02T14:56:55.234,cardboard,0.431014,0.2997,True,10.48,112.46
2026-08-02T14:56:55.551,metal,0.325234,0.2942,True,10.48,119.82
2026-08-02T14:56:55.856,metal,0.397223,0.3044,True,10.48,119.96
2026-08-02T14:56:56.154,metal,0.459467,0.3093,True,10.48,120.52
2026-08-02T14:56:56.458,metal,0.354730,0.2890,True,9.14,120.77
2026-08-02T14:56:56.748,glass,0.322376,0.2886,True,9.14,119.07
2026-08-02T14:56:57.063,plastic,0.269329,0.2872,True,9.14,119.88
2026-08-02T14:56:57.369,glass,0.467293,0.2866,True,10.64,117.31
2026-08-02T14:56:57.681,glass,0.501703,0.2868,True,10.64,117.29
2026-08-02T14:56:57.992,glass,0.531010,0.2886,True,10.64,118.37
2026-08-02T14:56:58.300,glass,0.691485,0.2945,True,10.64,116.90
2026-08-02T14:56:58.609,glass,0.789580,0.2905,True,8.99,116.28
2026-08-02T14:56:58.899,glass,0.809973,0.2905,True,8.99,118.98
2026-08-02T14:56:59.196,glass,0.826791,0.2879,True,8.99,116.54
2026-08-02T14:56:59.501,glass,0.625740,0.2853,True,10.81,118.69
2026-08-02T14:56:59.791,glass,0.429547,0.2848,True,10.81,121.03
2026-08-02T14:57:00.116,glass,0.581218,0.2848,True,10.81,122.30
2026-08-02T14:57:00.402,glass,0.459767,0.2853,True,10.81,115.34
2026-08-02T14:57:00.721,cardboard,0.485691,0.2862,True,9.22,116.80
2026-08-02T14:57:01.029,glass,0.499030,0.2852,True,9.22,115.59
2026-08-02T14:57:01.327,glass,0.638608,0.2852,True,9.22,115.62
2026-08-02T14:57:01.636,glass,0.754691,0.2870,True,10.43,112.37
2026-08-02T14:57:01.927,glass,0.690847,0.2861,True,10.43,113.39
2026-08-02T14:57:02.224,glass,0.471788,0.2878,True,10.43,114.52
2026-08-02T14:57:02.527,glass,0.550147,0.2923,True,10.43,117.20
2026-08-02T14:57:02.838,glass,0.478735,0.2965,True,9.35,121.38
2026-08-02T14:57:03.140,glass,0.408406,0.2905,True,9.35,120.59
2026-08-02T14:57:03.446,glass,0.537016,0.2857,True,9.35,119.95
2026-08-02T14:57:03.771,glass,0.664722,0.2850,True,10.48,124.64
2026-08-02T14:57:04.061,glass,0.472315,0.2850,True,10.48,121.26
2026-08-02T14:57:04.367,glass,0.612504,0.2848,True,10.48,121.65
2026-08-02T14:57:04.671,glass,0.624402,0.2880,True,10.48,118.48
2026-08-02T14:57:04.971,glass,0.672942,0.3005,True,9.13,117.92
2026-08-02T14:57:05.254,glass,0.547558,0.3185,True,9.13,121.11
2026-08-02T14:57:05.564,glass,0.609227,0.3381,True,9.13,120.04
2026-08-02T14:57:05.866,glass,0.710666,0.3641,True,10.76,115.47
2026-08-02T14:57:06.190,glass,0.786499,0.3582,True,10.76,134.70
2026-08-02T14:57:06.564,glass,0.832806,0.4067,True,10.76,182.94
2026-08-02T14:57:06.901,glass,0.834977,0.4862,True,10.76,129.82
2026-08-02T14:57:07.202,glass,0.813409,0.4660,True,8.28,118.01
2026-08-02T14:57:07.502,glass,0.863869,0.3631,True,8.28,119.48
2026-08-02T14:57:07.796,glass,0.881788,0.3631,True,8.28,120.45
2026-08-02T14:57:08.097,glass,0.859953,0.3667,True,10.91,118.49
2026-08-02T14:57:08.400,glass,0.729071,0.3858,True,10.91,117.96
2026-08-02T14:57:08.697,glass,0.776808,0.3771,True,10.91,120.10
2026-08-02T14:57:09.001,glass,0.586736,0.3613,True,10.91,116.27
2026-08-02T14:57:09.305,glass,0.455378,0.2980,True,9.15,117.23
2026-08-02T14:57:09.605,glass,0.481558,0.3655,True,9.15,118.18
2026-08-02T14:57:09.905,glass,0.632224,0.3368,True,9.15,115.94
2026-08-02T14:57:10.199,glass,0.658624,0.3368,True,10.94,119.00
2026-08-02T14:57:10.506,glass,0.565875,0.3421,True,10.94,120.07
2026-08-02T14:57:10.814,glass,0.532751,0.3722,True,10.94,117.81
2026-08-02T14:57:11.120,glass,0.549471,0.4386,True,10.94,113.99
2026-08-02T14:57:11.414,glass,0.462905,0.3641,True,8.98,114.13
2026-08-02T14:57:11.704,glass,0.570397,0.3130,True,8.98,117.52
2026-08-02T14:57:11.999,glass,0.428083,0.3785,True,8.98,116.13
2026-08-02T14:57:12.305,cardboard,0.488749,0.3785,True,8.98,115.23
2026-08-02T14:57:12.613,glass,0.391645,0.2864,True,10.12,117.44
2026-08-02T14:57:12.921,glass,0.367924,0.2866,True,10.12,114.80
2026-08-02T14:57:13.231,glass,0.530412,0.2872,True,10.12,112.56
2026-08-02T14:57:13.523,glass,0.508118,0.2879,True,10.51,114.04
2026-08-02T14:57:13.830,glass,0.379971,0.2884,True,10.51,118.28
2026-08-02T14:57:14.138,glass,0.442545,0.4516,True,10.51,112.32
2026-08-02T14:57:14.431,glass,0.403434,0.3922,True,10.51,111.94
2026-08-02T14:57:14.739,glass,0.463959,0.2880,True,9.27,124.39
2026-08-02T14:57:15.047,glass,0.484279,0.2880,True,9.27,118.35
2026-08-02T14:57:15.358,glass,0.602767,0.2918,True,9.27,121.05
2026-08-02T14:57:15.668,glass,0.599831,0.2918,True,10.49,120.61
2026-08-02T14:57:15.971,glass,0.522143,0.2918,True,10.49,120.60
2026-08-02T14:57:16.280,plastic,0.526616,0.2929,True,10.49,117.92
2026-08-02T14:57:16.575,plastic,0.499766,0.3023,True,10.49,116.30
2026-08-02T14:57:16.878,plastic,0.495599,0.2938,True,9.12,118.71
2026-08-02T14:57:17.177,plastic,0.473920,0.2864,True,9.12,120.17
2026-08-02T14:57:17.485,plastic,0.383778,0.2859,True,9.12,116.96
2026-08-02T14:57:17.787,plastic,0.440243,0.2853,True,10.65,120.47
2026-08-02T14:57:18.098,plastic,0.514202,0.2838,True,10.65,121.66
2026-08-02T14:57:18.404,plastic,0.468819,0.2831,True,10.65,118.56
2026-08-02T14:57:18.715,glass,0.414998,0.2846,True,10.65,115.69
2026-08-02T14:57:19.012,glass,0.484582,0.2870,True,9.04,115.75
2026-08-02T14:57:19.309,cardboard,0.362576,0.2862,True,9.04,113.92
2026-08-02T14:57:19.611,cardboard,0.572934,0.2862,True,9.04,117.32
2026-08-02T14:57:19.909,cardboard,0.701624,0.2862,True,10.80,115.31
2026-08-02T14:57:20.225,cardboard,0.786796,0.2879,True,10.80,118.76
2026-08-02T14:57:20.525,cardboard,0.848942,0.3538,True,10.80,114.50
2026-08-02T14:57:20.818,cardboard,0.883538,0.3538,True,10.80,116.11
2026-08-02T14:57:21.111,cardboard,0.910341,0.3335,True,9.22,116.35
2026-08-02T14:57:21.415,cardboard,0.931990,0.3242,True,9.22,114.97
2026-08-02T14:57:21.727,cardboard,0.945564,0.3178,True,9.22,116.09
2026-08-02T14:57:22.042,cardboard,0.953115,0.3548,True,10.65,122.79
2026-08-02T14:57:22.351,cardboard,0.956404,0.3548,True,10.65,120.82
2026-08-02T14:57:22.653,cardboard,0.961196,0.3362,True,10.65,114.99
2026-08-02T14:57:22.970,cardboard,0.963248,0.3195,True,10.65,121.65
2026-08-02T14:57:23.273,cardboard,0.970538,0.3207,True,8.94,117.80
2026-08-02T14:57:23.585,cardboard,0.971720,0.3249,True,8.94,119.53
2026-08-02T14:57:23.899,cardboard,0.964542,0.3249,True,8.94,117.35
2026-08-02T14:57:24.199,cardboard,0.956558,0.3220,True,10.50,118.62
2026-08-02T14:57:24.503,cardboard,0.953548,0.3088,True,10.50,116.15
2026-08-02T14:57:24.809,cardboard,0.959094,0.3187,True,10.50,118.68
2026-08-02T14:57:25.111,cardboard,0.955682,0.3025,True,10.50,114.13
2026-08-02T14:57:25.425,cardboard,0.952293,0.3243,True,9.14,113.30
2026-08-02T14:57:25.734,cardboard,0.952870,0.3262,True,9.14,117.35
2026-08-02T14:57:26.049,cardboard,0.955791,0.3528,True,9.14,120.95
2026-08-02T14:57:26.350,cardboard,0.953685,0.3452,True,9.96,110.37
2026-08-02T14:57:26.657,cardboard,0.951194,0.3446,True,9.96,123.74
2026-08-02T14:57:26.959,cardboard,0.659485,0.3220,True,9.96,121.75
2026-08-02T14:57:27.257,cardboard,0.624468,0.2842,True,9.96,116.79
2026-08-02T14:57:27.571,cardboard,0.532892,0.2831,True,9.64,121.26
2026-08-02T14:57:27.872,cardboard,0.564888,0.2831,True,9.64,120.53
2026-08-02T14:57:28.176,cardboard,0.507451,0.2833,True,9.64,119.60
2026-08-02T14:57:28.470,paper,0.585138,0.2868,True,10.69,120.58
2026-08-02T14:57:28.780,cardboard,0.537128,0.2864,True,10.69,121.59
2026-08-02T14:57:29.097,cardboard,0.692244,0.2865,True,10.69,117.65
2026-08-02T14:57:29.408,cardboard,0.791595,0.3264,True,10.69,116.99
2026-08-02T14:57:29.717,cardboard,0.847679,0.3448,True,8.91,117.40
2026-08-02T14:57:30.025,cardboard,0.896438,0.3547,True,8.91,115.22
2026-08-02T14:57:30.337,cardboard,0.921050,0.4388,True,8.91,112.86
2026-08-02T14:57:30.634,cardboard,0.697883,0.3464,True,10.42,113.01
2026-08-02T14:57:30.941,cardboard,0.469592,0.3464,True,10.42,117.76
2026-08-02T14:57:31.232,cardboard,0.469332,0.9480,True,10.42,112.73
2026-08-02T14:57:31.532,cardboard,0.387200,0.9518,True,10.42,113.39
2026-08-02T14:57:31.836,paper,0.367305,0.9518,True,9.36,113.60
2026-08-02T14:57:32.151,paper,0.457673,0.9518,True,9.36,120.09
2026-08-02T14:57:32.458,paper,0.507744,0.9594,True,9.36,119.20
2026-08-02T14:57:32.786,paper,0.449920,0.9711,True,10.26,118.12
2026-08-02T14:57:33.071,paper,0.389852,0.4573,True,10.26,122.28
2026-08-02T14:57:33.373,plastic,0.403776,0.2996,True,10.26,118.44
2026-08-02T14:57:33.684,plastic,0.605512,0.2948,True,10.26,117.87
2026-08-02T14:57:33.990,plastic,0.741021,0.2890,True,9.25,118.66
2026-08-02T14:57:34.296,plastic,0.830274,0.2890,True,9.25,117.72
2026-08-02T14:57:34.606,plastic,0.887481,0.2890,True,9.25,117.70
2026-08-02T14:57:34.918,plastic,0.908679,0.2865,True,10.45,116.37
2026-08-02T14:57:35.222,plastic,0.927172,0.2906,True,10.45,113.44
2026-08-02T14:57:35.530,plastic,0.936249,0.2915,True,10.45,113.14
2026-08-02T14:57:35.821,plastic,0.947515,0.2915,True,10.45,118.66
2026-08-02T14:57:36.125,plastic,0.949960,0.2890,True,9.22,115.31
2026-08-02T14:57:36.425,plastic,0.945832,0.2890,True,9.22,113.80
2026-08-02T14:57:36.744,plastic,0.955571,0.2892,True,9.22,121.00
2026-08-02T14:57:37.045,plastic,0.953687,0.2892,True,10.61,120.21
2026-08-02T14:57:37.364,plastic,0.958951,0.2919,True,10.61,121.11
2026-08-02T14:57:37.665,plastic,0.956452,0.2900,True,10.61,120.76
2026-08-02T14:57:37.971,plastic,0.955313,0.2938,True,10.61,116.21
2026-08-02T14:57:38.274,plastic,0.944328,0.2978,True,8.99,118.16
2026-08-02T14:57:38.581,plastic,0.954197,0.3053,True,8.99,118.55
2026-08-02T14:57:38.889,plastic,0.934080,0.3057,True,8.99,118.76
2026-08-02T14:57:39.197,plastic,0.867617,0.9505,True,10.57,118.26
2026-08-02T14:57:39.503,plastic,0.847924,0.9505,True,10.57,116.72
2026-08-02T14:57:39.806,plastic,0.844789,0.9543,True,10.57,118.37
2026-08-02T14:57:40.105,plastic,0.850148,0.9543,True,10.57,117.18
2026-08-02T14:57:40.408,plastic,0.764358,0.9569,True,9.14,119.19
2026-08-02T14:57:40.715,plastic,0.696661,0.9569,True,9.14,116.06
2026-08-02T14:57:41.026,plastic,0.610162,0.9530,True,9.14,115.26
2026-08-02T14:57:41.342,plastic,0.653070,0.9505,True,10.58,118.93
2026-08-02T14:57:41.648,plastic,0.742068,0.9295,True,10.58,120.93
2026-08-02T14:57:41.953,plastic,0.827064,0.2943,True,10.58,120.22
2026-08-02T14:57:42.255,plastic,0.875513,0.2900,True,10.58,111.63
2026-08-02T14:57:42.550,plastic,0.895048,0.2890,True,9.00,116.71
2026-08-02T14:57:42.862,plastic,0.902903,0.2880,True,9.00,123.05
2026-08-02T14:57:43.195,plastic,0.925515,0.2861,True,9.00,118.14
2026-08-02T14:57:43.505,plastic,0.939143,0.2863,True,9.87,114.19
2026-08-02T14:57:43.817,plastic,0.947759,0.2874,True,9.87,117.59
2026-08-02T14:57:44.179,plastic,0.623647,0.2874,True,9.87,143.95
2026-08-02T14:57:44.487,plastic,0.405402,0.6875,True,9.68,119.31
2026-08-02T14:57:44.802,cardboard,0.572851,0.9725,True,9.68,118.74
2026-08-02T14:57:45.116,cardboard,0.710523,0.9725,True,9.68,115.07
2026-08-02T14:57:45.423,cardboard,0.797444,0.9698,True,9.68,116.35
2026-08-02T14:57:45.727,cardboard,0.857640,0.9711,True,8.91,115.14
2026-08-02T14:57:46.023,cardboard,0.901651,0.9725,True,8.91,117.58
2026-08-02T14:57:46.315,cardboard,0.924670,0.9725,True,8.91,115.87
2026-08-02T14:57:46.619,cardboard,0.941894,0.9698,True,10.83,117.36
2026-08-02T14:57:46.938,cardboard,0.951383,0.9685,True,10.83,119.89
2026-08-02T14:57:47.227,cardboard,0.954244,0.9698,True,10.83,115.13
2026-08-02T14:57:47.536,cardboard,0.957241,0.9698,True,10.83,113.63
2026-08-02T14:57:47.854,cardboard,0.963407,0.9698,True,9.12,121.28
2026-08-02T14:57:48.156,cardboard,0.963344,0.2870,True,9.12,116.96
2026-08-02T14:57:48.469,cardboard,0.963441,0.2868,True,9.12,120.05
2026-08-02T14:57:48.782,cardboard,0.958191,0.2870,True,10.35,119.63
2026-08-02T14:57:49.084,cardboard,0.957101,0.2874,True,10.35,120.36
2026-08-02T14:57:49.366,cardboard,0.954619,0.2866,True,10.35,121.18
2026-08-02T14:57:49.698,cardboard,0.955197,0.2880,True,10.35,137.24
2026-08-02T14:57:50.000,cardboard,0.959673,0.2874,True,9.09,120.33
2026-08-02T14:57:50.309,cardboard,0.961306,0.2874,True,9.09,116.56
2026-08-02T14:57:50.616,cardboard,0.966845,0.2872,True,9.09,119.68
2026-08-02T14:57:50.912,cardboard,0.957974,0.2880,True,10.63,117.07
2026-08-02T14:57:51.219,cardboard,0.959263,0.2880,True,10.63,113.67
2026-08-02T14:57:51.515,cardboard,0.954285,0.2878,True,10.63,116.29
2026-08-02T14:57:51.820,cardboard,0.961407,0.2878,True,10.63,117.28
2026-08-02T14:57:52.129,cardboard,0.964257,0.2886,True,9.21,113.06
2026-08-02T14:57:52.428,cardboard,0.969898,0.2886,True,9.21,110.92
2026-08-02T14:57:52.732,cardboard,0.971480,0.2890,True,9.21,117.25
2026-08-02T14:57:53.025,cardboard,0.970699,0.9505,True,10.67,114.09
2026-08-02T14:57:53.323,cardboard,0.972287,0.9505,True,10.67,113.77
2026-08-02T14:57:53.623,cardboard,0.961831,0.9176,True,10.67,114.36
2026-08-02T14:57:53.932,cardboard,0.964306,0.9344,True,10.67,116.68
2026-08-02T14:57:54.225,cardboard,0.967634,0.9530,True,9.25,113.65
2026-08-02T14:57:54.520,cardboard,0.970786,0.9543,True,9.25,113.82
2026-08-02T14:57:54.825,cardboard,0.958448,0.9543,True,9.25,116.94
2026-08-02T14:57:55.124,cardboard,0.918223,0.9480,True,10.73,114.36
2026-08-02T14:57:55.447,cardboard,0.841484,0.9455,True,10.73,118.01
2026-08-02T14:57:55.760,cardboard,0.727282,0.9418,True,10.73,119.33
2026-08-02T14:57:56.069,cardboard,0.553763,0.9271,True,10.73,122.83
2026-08-02T14:57:56.380,cardboard,0.365808,0.3763,True,8.99,118.62
2026-08-02T14:57:56.693,glass,0.325611,0.3631,True,8.99,121.34
2026-08-02T14:57:56.996,paper,0.270972,0.3600,True,8.99,115.93
2026-08-02T14:57:57.305,paper,0.320439,0.3699,True,10.43,117.74
2026-08-02T14:57:57.616,paper,0.287389,0.3699,True,10.43,116.24
2026-08-02T14:57:57.904,paper,0.271446,0.3188,True,10.43,118.09
2026-08-02T14:57:58.193,cardboard,0.484109,0.2977,True,10.43,117.21
2026-08-02T14:57:58.499,cardboard,0.647440,0.3224,True,9.35,116.97
2026-08-02T14:57:58.791,cardboard,0.757439,0.9543,True,9.35,119.01
2026-08-02T14:57:59.101,cardboard,0.833447,0.9543,True,9.35,117.34
2026-08-02T14:57:59.410,cardboard,0.880764,0.9530,True,10.56,115.65
2026-08-02T14:57:59.723,cardboard,0.912781,0.9368,True,10.56,117.07
2026-08-02T14:58:00.034,cardboard,0.611250,0.9368,True,10.56,120.25
2026-08-02T14:58:00.349,cardboard,0.422733,0.4348,True,10.56,120.26
2026-08-02T14:58:00.657,plastic,0.365909,0.2907,True,8.97,123.88
2026-08-02T14:58:00.959,plastic,0.295799,0.2907,True,8.97,121.39
2026-08-02T14:58:01.259,cardboard,0.288266,0.2856,True,8.97,120.85
2026-08-02T14:58:01.554,plastic,0.424286,0.2968,True,10.80,119.08
2026-08-02T14:58:01.870,cardboard,0.326984,0.2853,True,10.80,123.34
2026-08-02T14:58:02.177,plastic,0.349441,0.2853,True,10.80,119.21
2026-08-02T14:58:02.487,plastic,0.339458,0.2855,True,10.80,119.63
2026-08-02T14:58:02.788,plastic,0.492475,0.3515,True,8.93,120.16
2026-08-02T14:58:03.094,plastic,0.553100,0.3515,True,8.93,118.05
2026-08-02T14:58:03.401,plastic,0.566494,0.3361,True,8.93,116.99
2026-08-02T14:58:03.713,plastic,0.638768,0.3423,True,10.60,117.50
2026-08-02T14:58:04.020,plastic,0.738698,0.3242,True,10.60,116.46
2026-08-02T14:58:04.330,plastic,0.780377,0.3242,True,10.60,114.14
2026-08-02T14:58:04.635,plastic,0.695846,0.3286,True,10.60,114.32
2026-08-02T14:58:04.929,plastic,0.664224,0.4291,True,9.01,114.40
2026-08-02T14:58:05.221,plastic,0.653901,0.4040,True,9.01,114.83
2026-08-02T14:58:05.512,plastic,0.601764,0.3279,True,9.01,113.01
2026-08-02T14:58:05.823,plastic,0.564128,0.3578,True,9.01,116.13
2026-08-02T14:58:06.115,plastic,0.608168,0.3578,True,10.10,116.17
2026-08-02T14:58:06.416,plastic,0.660642,0.4299,True,10.10,115.01
2026-08-02T14:58:06.745,plastic,0.598136,0.4299,True,10.10,126.66
2026-08-02T14:58:07.105,plastic,0.639259,0.4044,True,10.54,177.98
2026-08-02T14:58:07.438,plastic,0.550503,0.4044,True,10.54,130.49
2026-08-02T14:58:07.758,plastic,0.487367,0.4137,True,10.54,118.17
2026-08-02T14:58:08.067,plastic,0.437712,0.4660,True,8.87,121.73
2026-08-02T14:58:08.380,plastic,0.481991,0.4493,True,8.87,119.39
2026-08-02T14:58:08.686,plastic,0.585943,0.4493,True,8.87,121.25
2026-08-02T14:58:08.998,plastic,0.604565,0.3848,True,8.87,117.50
2026-08-02T14:58:09.304,plastic,0.582228,0.3552,True,8.95,116.36
2026-08-02T14:58:09.620,plastic,0.610725,0.4240,True,8.95,116.36
2026-08-02T14:58:09.911,plastic,0.603373,0.4701,True,8.95,119.58
2026-08-02T14:58:10.211,plastic,0.583804,0.4701,True,10.54,115.31
2026-08-02T14:58:10.505,plastic,0.561770,0.4402,True,10.54,114.74
2026-08-02T14:58:10.811,plastic,0.600821,0.4402,True,10.54,118.57
2026-08-02T14:58:11.116,plastic,0.631939,0.4355,True,10.54,114.49
2026-08-02T14:58:11.422,plastic,0.643359,0.3957,True,9.31,113.89
2026-08-02T14:58:11.740,plastic,0.617280,0.4051,True,9.31,121.20
2026-08-02T14:58:12.033,plastic,0.507222,0.4051,True,9.31,112.83
2026-08-02T14:58:12.325,glass,0.494293,0.2905,True,10.49,111.68
2026-08-02T14:58:12.628,glass,0.610936,0.2901,True,10.49,115.04
2026-08-02T14:58:12.930,glass,0.626494,0.2899,True,10.49,113.03
2026-08-02T14:58:13.221,plastic,0.535250,0.2899,True,10.49,115.00
2026-08-02T14:58:13.525,plastic,0.682992,0.2887,True,9.47,116.97
2026-08-02T14:58:13.829,plastic,0.748564,0.2897,True,9.47,114.41
2026-08-02T14:58:14.165,plastic,0.820533,0.2884,True,9.47,122.19
2026-08-02T14:58:14.461,plastic,0.868083,0.3033,True,9.96,116.03
2026-08-02T14:58:14.798,plastic,0.899709,0.6554,True,9.96,112.64
2026-08-02T14:58:15.101,plastic,0.911918,0.2874,True,9.96,117.63
2026-08-02T14:58:15.405,plastic,0.935559,0.2899,True,9.90,116.86
2026-08-02T14:58:15.728,plastic,0.950184,0.2899,True,9.90,143.94
2026-08-02T14:58:16.040,plastic,0.951351,0.2898,True,9.90,112.47
2026-08-02T14:58:16.345,plastic,0.618483,0.2918,True,9.90,121.15
2026-08-02T14:58:16.656,cardboard,0.543826,0.2935,True,9.01,120.88
2026-08-02T14:58:16.956,cardboard,0.681753,0.2942,True,9.01,118.38
2026-08-02T14:58:17.262,cardboard,0.780973,0.2943,True,9.01,122.47
2026-08-02T14:58:17.573,cardboard,0.844571,0.2938,True,10.49,117.75
2026-08-02T14:58:17.886,cardboard,0.886829,0.2959,True,10.49,120.42
2026-08-02T14:58:18.188,cardboard,0.908387,0.2969,True,10.49,119.34
2026-08-02T14:58:18.488,cardboard,0.920793,0.2921,True,10.49,118.35
2026-08-02T14:58:18.804,cardboard,0.918777,0.2904,True,9.13,118.44
2026-08-02T14:58:19.119,cardboard,0.927600,0.2904,True,9.13,113.69
2026-08-02T14:58:19.412,cardboard,0.931259,0.2912,True,9.13,116.63
2026-08-02T14:58:19.703,cardboard,0.943241,0.2912,True,10.56,119.39
2026-08-02T14:58:20.008,cardboard,0.951110,0.2885,True,10.56,117.76
2026-08-02T14:58:20.321,cardboard,0.958034,0.2885,True,10.56,117.86
2026-08-02T14:58:20.621,cardboard,0.950573,0.2885,True,10.56,117.22
2026-08-02T14:58:20.928,cardboard,0.950609,0.2883,True,9.17,117.38
2026-08-02T14:58:21.226,cardboard,0.957489,0.2880,True,9.17,113.46
2026-08-02T14:58:21.521,cardboard,0.960427,0.2905,True,9.17,114.01
2026-08-02T14:58:21.822,cardboard,0.961756,0.2899,True,10.73,114.46
2026-08-02T14:58:22.126,cardboard,0.966678,0.2902,True,10.73,114.74
2026-08-02T14:58:22.424,cardboard,0.970855,0.2908,True,10.73,111.30
2026-08-02T14:58:22.727,cardboard,0.972522,0.2908,True,10.73,115.31
2026-08-02T14:58:23.027,cardboard,0.963060,0.2927,True,9.25,113.85
2026-08-02T14:58:23.348,cardboard,0.963982,0.2961,True,9.25,120.98
2026-08-02T14:58:23.654,cardboard,0.963534,0.2969,True,9.25,122.18
2026-08-02T14:58:23.971,cardboard,0.960731,0.3019,True,10.42,119.93
2026-08-02T14:58:24.265,cardboard,0.966380,0.2996,True,10.42,120.72
2026-08-02T14:58:24.563,cardboard,0.971121,0.3129,True,10.42,123.20
2026-08-02T14:58:24.860,cardboard,0.967128,0.3211,True,10.42,120.39
2026-08-02T14:58:25.166,cardboard,0.964982,0.3211,True,9.28,118.92
2026-08-02T14:58:25.464,cardboard,0.971500,0.3190,True,9.28,121.97
2026-08-02T14:58:25.766,cardboard,0.971047,0.3000,True,9.28,122.97
2026-08-02T14:58:26.076,cardboard,0.975985,0.2945,True,10.58,117.09
2026-08-02T14:58:26.385,cardboard,0.978165,0.2982,True,10.58,119.06
2026-08-02T14:58:26.700,cardboard,0.974174,0.3057,True,10.58,120.57
2026-08-02T14:58:27.003,cardboard,0.966269,0.3141,True,10.58,116.02
2026-08-02T14:58:27.290,cardboard,0.968238,0.3141,True,9.07,116.06
2026-08-02T14:58:27.598,cardboard,0.965599,0.2886,True,9.07,117.40
2026-08-02T14:58:27.900,cardboard,0.960516,0.2880,True,9.07,116.29
2026-08-02T14:58:28.220,cardboard,0.966385,0.2883,True,10.61,118.22
2026-08-02T14:58:28.547,cardboard,0.968885,0.2873,True,10.61,120.96
2026-08-02T14:58:28.832,cardboard,0.971826,0.2880,True,10.61,113.96
2026-08-02T14:58:29.120,cardboard,0.974292,0.2891,True,10.61,115.23
2026-08-02T14:58:29.411,cardboard,0.964258,0.9556,True,9.26,115.55
2026-08-02T14:58:29.719,cardboard,0.965092,0.9725,True,9.26,115.41
2026-08-02T14:58:30.020,cardboard,0.970735,0.9659,True,9.26,114.91
2026-08-02T14:58:30.303,cardboard,0.972485,0.2898,True,10.80,117.29
2026-08-02T14:58:30.611,cardboard,0.976554,0.9556,True,10.80,116.89
2026-08-02T14:58:30.918,cardboard,0.974658,0.9698,True,10.80,115.35
2026-08-02T14:58:31.217,cardboard,0.634727,0.9685,True,10.80,113.44
2026-08-02T14:58:31.532,metal,0.570089,0.3381,True,9.27,116.97
2026-08-02T14:58:31.845,metal,0.681035,0.3720,True,9.27,118.53
2026-08-02T14:58:32.151,metal,0.614630,0.4032,True,9.27,114.50
2026-08-02T14:58:32.457,cardboard,0.473821,0.4118,True,10.32,117.89
2026-08-02T14:58:32.746,cardboard,0.529123,0.4210,True,10.32,119.83
2026-08-02T14:58:33.043,cardboard,0.501459,0.4657,True,10.32,117.88
2026-08-02T14:58:33.352,cardboard,0.574758,0.4807,True,10.32,117.57
2026-08-02T14:58:33.669,cardboard,0.615035,0.4660,True,9.35,119.12
2026-08-02T14:58:33.973,cardboard,0.435173,0.4338,True,9.35,116.98
2026-08-02T14:58:34.268,metal,0.361404,0.3811,True,9.35,114.27
2026-08-02T14:58:34.596,metal,0.348339,0.4137,True,10.64,117.43
2026-08-02T14:58:34.907,metal,0.427548,0.4396,True,10.64,114.40
2026-08-02T14:58:35.213,paper,0.396272,0.4778,True,10.64,114.28
2026-08-02T14:58:35.505,paper,0.486215,0.5523,True,10.64,118.68
2026-08-02T14:58:35.804,paper,0.539622,0.6218,True,8.93,119.15
2026-08-02T14:58:36.109,paper,0.568354,0.6419,True,8.93,114.66
2026-08-02T14:58:36.408,paper,0.633718,0.6578,True,8.93,113.27
2026-08-02T14:58:36.717,paper,0.603722,0.6572,True,10.61,114.27
2026-08-02T14:58:37.022,paper,0.571406,0.6771,True,10.61,109.65
2026-08-02T14:58:37.321,paper,0.631064,0.7017,True,10.61,115.75
2026-08-02T14:58:37.618,paper,0.701889,0.7208,True,10.61,115.43
2026-08-02T14:58:37.936,paper,0.675495,0.7281,True,9.30,112.50
2026-08-02T14:58:38.229,paper,0.720520,0.7333,True,9.30,112.28
2026-08-02T14:58:38.531,paper,0.723107,0.7456,True,9.30,114.02
2026-08-02T14:58:38.836,paper,0.662655,0.7502,True,10.62,119.02
2026-08-02T14:58:39.147,paper,0.681630,0.7534,True,10.62,117.22
2026-08-02T14:58:39.451,paper,0.648288,0.7534,True,10.62,115.14
2026-08-02T14:58:39.757,paper,0.684056,0.7558,True,10.62,117.96
2026-08-02T14:58:40.076,paper,0.709408,0.7495,True,9.07,119.12
2026-08-02T14:58:40.357,paper,0.718394,0.7495,True,9.07,119.99
2026-08-02T14:58:40.672,paper,0.718353,0.7495,True,9.07,118.46
2026-08-02T14:58:40.979,paper,0.746138,0.7471,True,10.58,118.48
2026-08-02T14:58:41.305,paper,0.758494,0.7463,True,10.58,113.85
2026-08-02T14:58:41.609,paper,0.782532,0.7456,True,10.58,116.07
2026-08-02T14:58:41.910,paper,0.755941,0.7448,True,10.58,115.72
2026-08-02T14:58:42.226,paper,0.751377,0.7425,True,8.98,118.69
2026-08-02T14:58:42.551,paper,0.760949,0.7425,True,8.98,120.98
2026-08-02T14:58:42.868,paper,0.501895,0.7215,True,8.98,128.11
2026-08-02T14:58:43.190,cardboard,0.646231,0.4468,True,9.76,128.35
2026-08-02T14:58:43.530,cardboard,0.759828,0.4468,True,9.76,140.16
2026-08-02T14:58:43.844,cardboard,0.832891,0.3178,True,9.76,130.45
2026-08-02T14:58:44.172,cardboard,0.882922,0.2949,True,9.57,117.14
2026-08-02T14:58:44.471,cardboard,0.917830,0.2895,True,9.57,118.23
2026-08-02T14:58:44.776,cardboard,0.924533,0.2893,True,9.57,120.52
2026-08-02T14:58:45.079,cardboard,0.939391,0.2884,True,9.57,119.95
2026-08-02T14:58:45.388,cardboard,0.944099,0.2884,True,9.09,120.83
2026-08-02T14:58:45.683,cardboard,0.950654,0.2904,True,9.09,116.94
2026-08-02T14:58:45.977,cardboard,0.955954,0.2898,True,9.09,116.91
2026-08-02T14:58:46.296,cardboard,0.963055,0.2898,True,10.72,118.21
2026-08-02T14:58:46.598,cardboard,0.962670,0.3092,True,10.72,120.38
2026-08-02T14:58:46.891,cardboard,0.963769,0.3088,True,10.72,118.67
2026-08-02T14:58:47.181,cardboard,0.969547,0.3085,True,10.72,117.78
2026-08-02T14:58:47.493,cardboard,0.958492,0.2977,True,9.29,116.54
2026-08-02T14:58:47.800,cardboard,0.969234,0.2925,True,9.29,116.42
2026-08-02T14:58:48.105,cardboard,0.968206,0.2901,True,9.29,115.68
2026-08-02T14:58:48.403,cardboard,0.967837,0.2912,True,10.55,116.39
2026-08-02T14:58:48.713,cardboard,0.966787,0.2962,True,10.55,113.13
2026-08-02T14:58:49.023,cardboard,0.965630,0.2923,True,10.55,116.29
2026-08-02T14:58:49.340,cardboard,0.958484,0.2904,True,10.55,119.06
2026-08-02T14:58:49.639,cardboard,0.956072,0.2899,True,8.96,112.65
2026-08-02T14:58:49.951,cardboard,0.965691,0.2913,True,8.96,118.00
2026-08-02T14:58:50.268,cardboard,0.963622,0.2936,True,8.96,120.74
2026-08-02T14:58:50.572,cardboard,0.954751,0.2924,True,10.49,121.88
2026-08-02T14:58:50.887,cardboard,0.963852,0.2904,True,10.49,120.38
2026-08-02T14:58:51.198,cardboard,0.961162,0.2899,True,10.49,119.28
2026-08-02T14:58:51.498,cardboard,0.965049,0.2911,True,10.49,117.01
2026-08-02T14:58:51.795,cardboard,0.961904,0.2904,True,9.01,117.61
2026-08-02T14:58:52.104,cardboard,0.958709,0.2904,True,9.01,117.75
2026-08-02T14:58:52.404,cardboard,0.949204,0.2895,True,9.01,114.85
2026-08-02T14:58:52.695,cardboard,0.956109,0.2920,True,10.71,118.70
2026-08-02T14:58:53.000,cardboard,0.946617,0.2924,True,10.71,115.63
2026-08-02T14:58:53.292,cardboard,0.954181,0.2924,True,10.71,115.24
2026-08-02T14:58:53.592,cardboard,0.651981,0.2956,True,10.71,117.72
2026-08-02T14:58:53.898,cardboard,0.556661,0.3291,True,9.38,119.95
2026-08-02T14:58:54.202,cardboard,0.697552,0.4687,True,9.38,116.83
2026-08-02T14:58:54.510,cardboard,0.796530,0.3145,True,9.38,116.09
2026-08-02T14:58:54.812,cardboard,0.842133,0.3388,True,10.47,114.29
2026-08-02T14:58:55.106,cardboard,0.816960,0.3388,True,10.47,115.20
2026-08-02T14:58:55.403,cardboard,0.858407,0.3378,True,10.47,119.37
2026-08-02T14:58:55.704,cardboard,0.901151,0.3381,True,10.47,117.76
2026-08-02T14:58:55.997,cardboard,0.622506,0.3691,True,9.42,117.79
2026-08-02T14:58:56.299,cardboard,0.582322,0.3214,True,9.42,116.99
2026-08-02T14:58:56.592,cardboard,0.391680,0.4565,True,9.42,117.03
2026-08-02T14:58:56.907,cardboard,0.420193,0.4565,True,10.81,113.74
2026-08-02T14:58:57.210,cardboard,0.416635,0.3394,True,10.81,115.26
2026-08-02T14:58:57.504,paper,0.344362,0.3125,True,10.81,115.89
2026-08-02T14:58:57.888,paper,0.453750,0.3019,True,10.81,213.24
2026-08-02T14:58:58.190,cardboard,0.510076,0.2935,True,8.57,118.94
2026-08-02T14:58:58.493,cardboard,0.595244,0.3289,True,8.57,118.48
2026-08-02T14:58:58.800,cardboard,0.728836,0.3392,True,8.57,119.66
2026-08-02T14:58:59.107,cardboard,0.801135,0.3357,True,10.66,116.13
2026-08-02T14:58:59.416,cardboard,0.699849,0.3707,True,10.66,114.81
2026-08-02T14:58:59.725,cardboard,0.785677,0.4418,True,10.66,116.26
2026-08-02T14:59:00.027,cardboard,0.715108,0.3016,True,10.66,119.37
2026-08-02T14:59:00.324,cardboard,0.634856,0.3009,True,9.04,115.87
2026-08-02T14:59:00.627,cardboard,0.751184,0.4147,True,9.04,113.74
2026-08-02T14:59:00.924,cardboard,0.830010,0.3865,True,9.04,115.93
2026-08-02T14:59:01.225,cardboard,0.880626,0.3177,True,10.76,115.84
2026-08-02T14:59:01.539,cardboard,0.914117,0.3013,True,10.76,122.76
2026-08-02T14:59:01.853,cardboard,0.937591,0.2983,True,10.76,122.50
2026-08-02T14:59:02.149,cardboard,0.946871,0.2945,True,10.76,122.23
2026-08-02T14:59:02.450,cardboard,0.929937,0.3044,True,9.08,119.79
2026-08-02T14:59:02.765,cardboard,0.943354,0.9518,True,9.08,120.61
2026-08-02T14:59:03.067,cardboard,0.948959,0.9581,True,9.08,120.23
2026-08-02T14:59:03.383,cardboard,0.945399,0.9543,True,10.44,119.95
2026-08-02T14:59:03.687,cardboard,0.950716,0.9543,True,10.44,120.56
2026-08-02T14:59:03.986,cardboard,0.955132,0.9581,True,10.44,119.00
2026-08-02T14:59:04.292,cardboard,0.955965,0.9581,True,10.44,116.53
2026-08-02T14:59:04.599,cardboard,0.953213,0.9581,True,9.18,118.30
2026-08-02T14:59:04.915,cardboard,0.937529,0.9556,True,9.18,117.17
2026-08-02T14:59:05.218,cardboard,0.935640,0.9581,True,9.18,114.35
2026-08-02T14:59:05.496,cardboard,0.941906,0.9581,True,10.60,119.38
2026-08-02T14:59:05.801,cardboard,0.946827,0.9556,True,10.60,121.98
2026-08-02T14:59:06.105,cardboard,0.945398,0.9518,True,10.60,118.53
2026-08-02T14:59:06.403,cardboard,0.953349,0.2950,True,10.60,118.74
2026-08-02T14:59:06.699,cardboard,0.959113,0.2911,True,9.31,120.30
2026-08-02T14:59:07.018,cardboard,0.956866,0.2900,True,9.31,118.92
2026-08-02T14:59:07.318,cardboard,0.962726,0.2879,True,9.31,124.04
2026-08-02T14:59:07.644,cardboard,0.966037,0.2886,True,10.46,132.31
2026-08-02T14:59:07.995,cardboard,0.965445,0.2890,True,10.46,129.19
2026-08-02T14:59:08.312,cardboard,0.970579,0.2908,True,10.46,125.49
2026-08-02T14:59:08.605,cardboard,0.964431,0.2911,True,10.46,112.61
2026-08-02T14:59:08.918,cardboard,0.968102,0.2911,True,8.69,118.68
2026-08-02T14:59:09.222,cardboard,0.969860,0.2911,True,8.69,114.51
2026-08-02T14:59:09.513,cardboard,0.969912,0.2893,True,8.69,115.11
2026-08-02T14:59:09.814,cardboard,0.974678,0.2888,True,10.72,119.15
2026-08-02T14:59:10.127,cardboard,0.974715,0.2886,True,10.72,115.09
2026-08-02T14:59:10.427,cardboard,0.968236,0.2885,True,10.72,116.35
2026-08-02T14:59:10.727,cardboard,0.961752,0.2920,True,10.72,116.30
2026-08-02T14:59:11.014,cardboard,0.962993,0.2948,True,9.12,117.16
2026-08-02T14:59:11.317,cardboard,0.950552,0.2931,True,9.12,115.81
2026-08-02T14:59:11.627,cardboard,0.960035,0.2931,True,9.12,113.77
2026-08-02T14:59:11.920,cardboard,0.938793,0.3146,True,10.80,114.84
2026-08-02T14:59:12.233,cardboard,0.901293,0.4343,True,10.80,112.70
2026-08-02T14:59:12.547,cardboard,0.797284,0.4553,True,10.80,122.19
2026-08-02T14:59:12.862,cardboard,0.823121,0.4603,True,10.80,121.66
2026-08-02T14:59:13.170,cardboard,0.760662,0.4468,True,8.96,124.41
2026-08-02T14:59:13.474,cardboard,0.695029,0.3069,True,8.96,120.81
2026-08-02T14:59:13.791,cardboard,0.691456,0.3093,True,8.96,119.63
2026-08-02T14:59:14.097,cardboard,0.768050,0.3473,True,10.52,116.34
2026-08-02T14:59:14.403,cardboard,0.704527,0.3459,True,10.52,117.99
2026-08-02T14:59:14.700,cardboard,0.772724,0.3200,True,10.52,120.28
2026-08-02T14:59:15.014,cardboard,0.747017,0.2975,True,10.52,117.63
2026-08-02T14:59:15.321,cardboard,0.755863,0.2997,True,9.04,115.09
2026-08-02T14:59:15.623,cardboard,0.646451,0.3063,True,9.04,114.71
2026-08-02T14:59:15.917,cardboard,0.584223,0.3068,True,9.04,114.61
2026-08-02T14:59:16.213,cardboard,0.701289,0.3088,True,10.81,118.61
2026-08-02T14:59:16.507,cardboard,0.773249,0.3285,True,10.81,116.66
2026-08-02T14:59:16.822,cardboard,0.773741,0.3493,True,10.81,115.90
2026-08-02T14:59:17.130,cardboard,0.769277,0.3722,True,10.81,115.31
2026-08-02T14:59:17.427,cardboard,0.770946,0.3246,True,9.10,113.47
2026-08-02T14:59:17.732,cardboard,0.801262,0.3047,True,9.10,116.05
2026-08-02T14:59:18.033,cardboard,0.816279,0.3029,True,9.10,115.26
2026-08-02T14:59:18.336,cardboard,0.698071,0.3085,True,10.71,122.53
2026-08-02T14:59:18.645,cardboard,0.790400,0.3246,True,10.71,118.35
2026-08-02T14:59:18.950,cardboard,0.853516,0.2887,True,10.71,125.68
2026-08-02T14:59:19.258,cardboard,0.894091,0.2888,True,10.71,123.17
2026-08-02T14:59:19.557,cardboard,0.915139,0.4309,True,9.09,119.83
2026-08-02T14:59:19.847,cardboard,0.936609,0.4426,True,9.09,124.18
2026-08-02T14:59:20.156,cardboard,0.939596,0.4333,True,9.09,121.36
2026-08-02T14:59:20.487,cardboard,0.948701,0.4208,True,10.60,122.45
2026-08-02T14:59:20.798,cardboard,0.957363,0.4524,True,10.60,121.98
2026-08-02T14:59:21.104,cardboard,0.956095,0.4663,True,10.60,120.79
2026-08-02T14:59:21.405,cardboard,0.951008,0.3023,True,10.60,119.96
2026-08-02T14:59:21.700,cardboard,0.959092,0.2964,True,9.01,119.02
2026-08-02T14:59:22.001,cardboard,0.962065,0.2943,True,9.01,118.45
2026-08-02T14:59:22.303,cardboard,0.967038,0.3005,True,9.01,117.58
2026-08-02T14:59:22.607,cardboard,0.969829,0.3187,True,10.73,119.06
2026-08-02T14:59:22.915,cardboard,0.961969,0.4269,True,10.73,111.65
2026-08-02T14:59:23.213,cardboard,0.958531,0.4437,True,10.73,117.18
2026-08-02T14:59:23.514,cardboard,0.956201,0.4570,True,10.73,119.33
2026-08-02T14:59:23.827,cardboard,0.953650,0.4527,True,9.22,115.89
2026-08-02T14:59:24.133,cardboard,0.962230,0.4399,True,9.22,119.09
2026-08-02T14:59:24.426,cardboard,0.962048,0.4462,True,9.22,114.35
2026-08-02T14:59:24.727,cardboard,0.960690,0.4462,True,10.66,116.66
2026-08-02T14:59:25.030,cardboard,0.953676,0.4183,True,10.66,116.69
2026-08-02T14:59:25.338,cardboard,0.956776,0.3856,True,10.66,117.91
2026-08-02T14:59:25.657,cardboard,0.959026,0.4513,True,10.66,122.42
2026-08-02T14:59:25.963,cardboard,0.962541,0.4446,True,9.00,118.50
2026-08-02T14:59:26.269,cardboard,0.966095,0.3233,True,9.00,117.50
2026-08-02T14:59:26.585,cardboard,0.962674,0.2864,True,9.00,122.08
2026-08-02T14:59:26.894,cardboard,0.960051,0.2865,True,10.49,118.65
2026-08-02T14:59:27.207,cardboard,0.949202,0.2866,True,10.49,118.52
2026-08-02T14:59:27.510,cardboard,0.959635,0.2854,True,10.49,118.51
2026-08-02T14:59:27.824,cardboard,0.959877,0.2850,True,10.49,118.62
2026-08-02T14:59:28.118,cardboard,0.955489,0.2861,True,8.95,114.52
2026-08-02T14:59:28.422,cardboard,0.949661,0.2863,True,8.95,116.07
2026-08-02T14:59:28.729,cardboard,0.953776,0.2861,True,8.95,116.66
2026-08-02T14:59:29.040,cardboard,0.946313,0.2862,True,10.59,120.24
2026-08-02T14:59:29.329,cardboard,0.945471,0.2894,True,10.59,114.06
2026-08-02T14:59:29.629,cardboard,0.956075,0.2950,True,10.59,114.58
2026-08-02T14:59:29.919,cardboard,0.954960,0.2950,True,10.59,115.76
2026-08-02T14:59:30.224,cardboard,0.959527,0.2998,True,9.46,115.55
2026-08-02T14:59:30.536,cardboard,0.955721,0.3007,True,9.46,112.69
2026-08-02T14:59:30.869,cardboard,0.956404,0.2997,True,9.46,126.31
2026-08-02T14:59:31.174,cardboard,0.951203,0.2923,True,9.97,125.48
2026-08-02T14:59:31.473,cardboard,0.948860,0.2949,True,9.97,117.56
2026-08-02T14:59:31.771,cardboard,0.952727,0.3086,True,9.97,121.63
2026-08-02T14:59:32.086,cardboard,0.962399,0.3086,True,9.97,118.60
2026-08-02T14:59:32.388,cardboard,0.967840,0.3108,True,9.45,116.91
2026-08-02T14:59:32.693,cardboard,0.964165,0.3108,True,9.45,119.08
2026-08-02T14:59:33.001,cardboard,0.969070,0.3016,True,9.45,119.91
2026-08-02T14:59:33.316,cardboard,0.972180,0.3034,True,10.40,115.98
2026-08-02T14:59:33.608,cardboard,0.965030,0.3236,True,10.40,117.62
2026-08-02T14:59:33.908,cardboard,0.955633,0.3164,True,10.40,116.64
2026-08-02T14:59:34.202,cardboard,0.901741,0.3084,True,10.40,118.39
2026-08-02T14:59:34.505,cardboard,0.915306,0.3994,True,9.46,119.36
2026-08-02T14:59:34.814,cardboard,0.926927,0.5786,True,9.46,117.39
2026-08-02T14:59:35.123,cardboard,0.909334,0.6154,True,9.46,114.90
2026-08-02T14:59:35.434,cardboard,0.919267,0.5964,True,10.53,116.11
2026-08-02T14:59:35.780,cardboard,0.924523,0.6055,True,10.53,139.96
2026-08-02T14:59:36.085,cardboard,0.935474,0.6477,True,10.53,120.06
2026-08-02T14:59:36.400,cardboard,0.936508,0.6739,True,10.53,119.02
2026-08-02T14:59:36.700,cardboard,0.927386,0.6969,True,8.67,118.69
2026-08-02T14:59:36.990,cardboard,0.916507,0.6990,True,8.67,118.79
2026-08-02T14:59:37.292,cardboard,0.931398,0.6909,True,8.67,115.56
2026-08-02T14:59:37.606,cardboard,0.837487,0.6875,True,10.76,117.69
2026-08-02T14:59:37.925,cardboard,0.806811,0.6677,True,10.76,118.67
2026-08-02T14:59:38.225,cardboard,0.834954,0.7979,True,10.76,115.33
2026-08-02T14:59:38.526,cardboard,0.845338,0.8274,True,10.76,114.04
2026-08-02T14:59:38.829,cardboard,0.836090,0.8274,True,9.06,115.27
2026-08-02T14:59:39.145,cardboard,0.880202,0.8313,True,9.06,119.99
2026-08-02T14:59:39.455,cardboard,0.656124,0.8294,True,9.06,122.87
2026-08-02T14:59:39.768,cardboard,0.758409,0.6683,True,10.49,121.21
2026-08-02T14:59:40.050,cardboard,0.823354,0.6778,True,10.49,119.94
2026-08-02T14:59:40.353,cardboard,0.853266,0.6778,True,10.49,121.03
2026-08-02T14:59:40.636,cardboard,0.888005,0.6784,True,10.49,118.20
2026-08-02T14:59:40.936,cardboard,0.888147,0.6784,True,9.41,112.84
2026-08-02T14:59:41.264,cardboard,0.897850,0.6882,True,9.41,117.20
2026-08-02T14:59:41.573,cardboard,0.915049,0.6895,True,9.41,120.61
2026-08-02T14:59:41.885,cardboard,0.919914,0.6889,True,9.94,120.66
2026-08-02T14:59:42.182,cardboard,0.929722,0.6889,True,9.94,121.47
2026-08-02T14:59:42.479,cardboard,0.929339,0.6889,True,9.94,120.16
2026-08-02T14:59:42.795,cardboard,0.928513,0.6889,True,9.94,120.70
2026-08-02T14:59:43.090,cardboard,0.927628,0.6889,True,9.55,118.46
2026-08-02T14:59:43.425,cardboard,0.941363,0.6889,True,9.55,113.67
2026-08-02T14:59:43.715,cardboard,0.948447,0.6889,True,9.55,117.72
2026-08-02T14:59:44.009,cardboard,0.949810,0.6889,True,10.61,116.46
2026-08-02T14:59:44.332,cardboard,0.958035,0.6889,True,10.61,131.38
2026-08-02T14:59:44.654,cardboard,0.935124,0.6882,True,10.61,119.73
2026-08-02T14:59:44.972,cardboard,0.922669,0.6771,True,10.61,119.53
2026-08-02T14:59:45.261,cardboard,0.933034,0.6882,True,8.77,120.89
2026-08-02T14:59:45.603,cardboard,0.842204,0.6976,True,8.77,120.36
2026-08-02T14:59:45.905,cardboard,0.863370,0.5843,True,8.77,115.57
2026-08-02T14:59:46.210,cardboard,0.896923,0.2883,True,10.32,116.54
2026-08-02T14:59:46.516,cardboard,0.909761,0.3233,True,10.32,118.21
2026-08-02T14:59:46.821,cardboard,0.913269,0.3233,True,10.32,117.54
2026-08-02T14:59:47.124,cardboard,0.925529,0.2929,True,10.32,116.06
2026-08-02T14:59:47.417,cardboard,0.936123,0.2921,True,9.21,116.60
2026-08-02T14:59:47.724,cardboard,0.942182,0.2929,True,9.21,117.76
2026-08-02T14:59:48.007,cardboard,0.950969,0.2944,True,9.21,116.89
2026-08-02T14:59:48.311,cardboard,0.950152,0.2933,True,10.82,116.31
2026-08-02T14:59:48.610,cardboard,0.957809,0.2911,True,10.82,117.79
2026-08-02T14:59:48.922,cardboard,0.961570,0.2918,True,10.82,115.83
2026-08-02T14:59:49.216,cardboard,0.962407,0.2918,True,10.82,117.59
2026-08-02T14:59:49.520,cardboard,0.960148,0.2923,True,9.29,114.99
2026-08-02T14:59:49.824,cardboard,0.966763,0.2923,True,9.29,115.91
2026-08-02T14:59:50.138,cardboard,0.966397,0.2924,True,9.29,112.21
2026-08-02T14:59:50.461,cardboard,0.952892,0.2902,True,10.29,119.53
2026-08-02T14:59:50.777,cardboard,0.958814,0.2904,True,10.29,122.31
2026-08-02T14:59:51.072,cardboard,0.962587,0.2907,True,10.29,129.72
2026-08-02T14:59:51.392,cardboard,0.959942,0.2931,True,10.29,112.76
2026-08-02T14:59:51.732,cardboard,0.954111,0.2931,True,9.03,123.77
2026-08-02T14:59:52.061,cardboard,0.957561,0.2901,True,9.03,120.64
2026-08-02T14:59:52.362,cardboard,0.951872,0.2919,True,9.03,111.79
2026-08-02T14:59:52.700,cardboard,0.948675,0.2937,True,9.67,120.09
2026-08-02T14:59:53.013,cardboard,0.949511,0.2909,True,9.67,121.93
2026-08-02T14:59:53.353,cardboard,0.951056,0.2891,True,9.67,166.58
2026-08-02T14:59:53.684,cardboard,0.948907,0.2887,True,9.44,124.79
2026-08-02T14:59:53.972,cardboard,0.947937,0.2884,True,9.44,120.22
2026-08-02T14:59:54.295,cardboard,0.943929,0.2880,True,9.44,123.28
2026-08-02T14:59:54.656,cardboard,0.942915,0.2898,True,9.44,137.27
2026-08-02T14:59:54.973,cardboard,0.935981,0.2898,True,8.54,118.76
2026-08-02T14:59:55.275,cardboard,0.948193,0.2900,True,8.54,117.31
2026-08-02T14:59:55.582,cardboard,0.950536,0.2969,True,8.54,120.69
2026-08-02T14:59:55.892,cardboard,0.953318,0.2943,True,10.48,119.99
2026-08-02T14:59:56.196,cardboard,0.946978,0.2925,True,10.48,117.47
2026-08-02T14:59:56.485,cardboard,0.951183,0.2925,True,10.48,116.54
2026-08-02T14:59:56.794,cardboard,0.951758,0.2905,True,10.48,118.18
2026-08-02T14:59:57.099,cardboard,0.956821,0.2917,True,9.19,116.15
2026-08-02T14:59:57.416,cardboard,0.953481,0.2919,True,9.19,121.47
2026-08-02T14:59:57.728,cardboard,0.958258,0.2921,True,9.19,122.95
2026-08-02T14:59:58.029,cardboard,0.958248,0.2920,True,10.41,122.72
2026-08-02T14:59:58.335,cardboard,0.958553,0.2899,True,10.41,111.65
2026-08-02T14:59:58.647,cardboard,0.952981,0.2899,True,10.41,118.29
2026-08-02T14:59:58.951,cardboard,0.954909,0.2945,True,10.41,119.78
2026-08-02T14:59:59.260,cardboard,0.963651,0.2908,True,9.09,121.47
2026-08-02T14:59:59.564,cardboard,0.965470,0.2923,True,9.09,118.56
2026-08-02T14:59:59.868,cardboard,0.968977,0.2923,True,9.09,114.88
2026-08-02T15:00:00.173,cardboard,0.944949,0.2955,True,10.54,118.51
2026-08-02T15:00:00.473,cardboard,0.953231,0.2955,True,10.54,121.07
2026-08-02T15:00:00.785,cardboard,0.949385,0.2905,True,10.54,116.18
2026-08-02T15:00:01.094,cardboard,0.951476,0.2905,True,10.54,124.30
2026-08-02T15:00:01.406,cardboard,0.957654,0.2926,True,9.09,120.29
2026-08-02T15:00:01.711,cardboard,0.957689,0.2929,True,9.09,120.31
2026-08-02T15:00:02.014,cardboard,0.961755,0.2929,True,9.09,123.26
2026-08-02T15:00:02.321,cardboard,0.961296,0.2929,True,10.57,114.19
2026-08-02T15:00:02.623,cardboard,0.960468,0.2929,True,10.57,115.82
2026-08-02T15:00:02.911,cardboard,0.964243,0.2919,True,10.57,119.07
2026-08-02T15:00:03.224,cardboard,0.967767,0.2905,True,10.57,125.82
2026-08-02T15:00:03.527,cardboard,0.964730,0.2900,True,9.17,117.32
2026-08-02T15:00:03.847,cardboard,0.967074,0.2900,True,9.17,122.03
2026-08-02T15:00:04.135,cardboard,0.965968,0.2898,True,9.17,115.49
2026-08-02T15:00:04.444,cardboard,0.965332,0.2917,True,10.62,122.31
2026-08-02T15:00:04.764,cardboard,0.965621,0.2938,True,10.62,117.96
2026-08-02T15:00:05.082,cardboard,0.967781,0.2936,True,10.62,121.24
2026-08-02T15:00:05.379,cardboard,0.962066,0.2925,True,10.62,121.70
2026-08-02T15:00:05.682,cardboard,0.953450,0.2925,True,8.94,124.08
2026-08-02T15:00:05.958,cardboard,0.945346,0.2918,True,8.94,122.47
2026-08-02T15:00:06.287,cardboard,0.955228,0.2918,True,8.94,119.41
2026-08-02T15:00:06.582,cardboard,0.960010,0.2914,True,10.65,112.71
2026-08-02T15:00:06.888,cardboard,0.960275,0.2886,True,10.65,116.52
2026-08-02T15:00:07.210,cardboard,0.960191,0.2892,True,10.65,119.41
2026-08-02T15:00:07.501,cardboard,0.955179,0.2902,True,10.65,121.25
2026-08-02T15:00:07.816,cardboard,0.961058,0.2902,True,9.18,119.73
2026-08-02T15:00:08.123,cardboard,0.956565,0.2886,True,9.18,115.45
2026-08-02T15:00:08.432,cardboard,0.958213,0.2901,True,9.18,111.40
2026-08-02T15:00:08.739,cardboard,0.962918,0.2886,True,10.42,111.53
2026-08-02T15:00:09.047,cardboard,0.969623,0.2892,True,10.42,120.22
2026-08-02T15:00:09.359,cardboard,0.970748,0.2878,True,10.42,113.49
2026-08-02T15:00:09.686,cardboard,0.970081,0.2873,True,10.42,133.58
2026-08-02T15:00:10.003,cardboard,0.953994,0.2900,True,8.85,120.83
2026-08-02T15:00:10.316,cardboard,0.954765,0.2900,True,8.85,113.23
2026-08-02T15:00:10.605,cardboard,0.954798,0.2891,True,8.85,110.58
2026-08-02T15:00:10.908,cardboard,0.954426,0.2891,True,10.55,119.58
2026-08-02T15:00:11.216,cardboard,0.940712,0.2878,True,10.55,119.41
2026-08-02T15:00:11.529,cardboard,0.948562,0.2900,True,10.55,113.37
2026-08-02T15:00:11.840,cardboard,0.952298,0.2901,True,10.55,121.91
2026-08-02T15:00:12.137,cardboard,0.956245,0.2883,True,9.00,110.49
2026-08-02T15:00:12.442,cardboard,0.955036,0.2879,True,9.00,115.02
2026-08-02T15:00:12.756,cardboard,0.952299,0.2885,True,9.00,120.81
2026-08-02T15:00:13.059,cardboard,0.960853,0.2885,True,10.50,117.51
2026-08-02T15:00:13.363,cardboard,0.957082,0.2886,True,10.50,121.74
2026-08-02T15:00:13.672,cardboard,0.958975,0.2884,True,10.50,123.67
2026-08-02T15:00:13.999,cardboard,0.960346,0.2881,True,10.50,130.10
2026-08-02T15:00:14.322,cardboard,0.961671,0.2888,True,9.00,123.44
2026-08-02T15:00:14.622,cardboard,0.957570,0.2888,True,9.00,120.24
2026-08-02T15:00:14.922,cardboard,0.951545,0.2886,True,9.00,115.07
2026-08-02T15:00:15.213,cardboard,0.953662,0.2890,True,10.55,113.24
2026-08-02T15:00:15.509,cardboard,0.955959,0.2890,True,10.55,116.36
2026-08-02T15:00:15.804,cardboard,0.956027,0.2900,True,10.55,119.13
2026-08-02T15:00:16.117,cardboard,0.960431,0.2900,True,10.55,117.78
2026-08-02T15:00:16.424,cardboard,0.954064,0.2902,True,9.30,111.66
2026-08-02T15:00:16.730,cardboard,0.951405,0.2899,True,9.30,122.70
2026-08-02T15:00:17.021,cardboard,0.958149,0.2884,True,9.30,118.54
2026-08-02T15:00:17.319,cardboard,0.944119,0.2885,True,10.62,115.03
2026-08-02T15:00:17.605,cardboard,0.956180,0.2925,True,10.62,111.22
2026-08-02T15:00:17.900,cardboard,0.963820,0.2939,True,10.62,111.55
2026-08-02T15:00:18.200,cardboard,0.969256,0.2915,True,10.62,120.42
2026-08-02T15:00:18.497,cardboard,0.972239,0.2912,True,9.55,121.14
2026-08-02T15:00:18.806,cardboard,0.962654,0.2980,True,9.55,127.43
2026-08-02T15:00:19.109,cardboard,0.959471,0.2980,True,9.55,110.58
2026-08-02T15:00:19.410,cardboard,0.955972,0.2924,True,10.59,115.93
2026-08-02T15:00:19.697,cardboard,0.956426,0.2915,True,10.59,119.96
2026-08-02T15:00:20.010,cardboard,0.963085,0.2943,True,10.59,129.16
2026-08-02T15:00:20.331,cardboard,0.962138,0.2945,True,10.59,118.05
2026-08-02T15:00:20.643,cardboard,0.965930,0.2941,True,9.16,120.47
2026-08-02T15:00:20.974,cardboard,0.959374,0.2941,True,9.16,124.43
2026-08-02T15:00:21.287,cardboard,0.964085,0.2923,True,9.16,122.07
2026-08-02T15:00:21.603,cardboard,0.961616,0.2983,True,9.88,128.97
2026-08-02T15:00:21.962,cardboard,0.964177,0.2970,True,9.88,121.04
2026-08-02T15:00:22.371,cardboard,0.964806,0.2978,True,9.88,146.68
2026-08-02T15:00:22.850,cardboard,0.968372,0.2961,True,7.77,157.54
2026-08-02T15:00:23.307,cardboard,0.965814,0.2958,True,7.77,136.90
2026-08-02T15:00:23.742,cardboard,0.966482,0.2938,True,6.77,146.04
2026-08-02T15:00:24.129,cardboard,0.969683,0.2926,True,6.77,148.57
2026-08-02T15:00:24.521,cardboard,0.970448,0.2918,True,6.77,117.36
2026-08-02T15:00:24.990,cardboard,0.969614,0.2897,True,7.17,161.25
2026-08-02T15:00:25.404,cardboard,0.972168,0.2891,True,7.17,135.39
2026-08-02T15:00:25.783,cardboard,0.975509,0.2901,True,7.56,121.38
2026-08-02T15:00:26.177,cardboard,0.975784,0.2912,True,7.56,123.55
2026-08-02T15:00:26.571,cardboard,0.971308,0.2914,True,7.56,137.76
2026-08-02T15:00:26.976,cardboard,0.968205,0.2925,True,7.46,132.75
2026-08-02T15:00:27.368,cardboard,0.962774,0.2921,True,7.46,124.48
2026-08-02T15:00:27.746,cardboard,0.963721,0.2905,True,7.46,118.89
2026-08-02T15:00:28.147,cardboard,0.962777,0.2905,True,7.30,117.71
2026-08-02T15:00:28.546,cardboard,0.961518,0.2907,True,7.30,122.10
2026-08-02T15:00:28.946,cardboard,0.964296,0.2907,True,7.30,124.26
2026-08-02T15:00:29.360,cardboard,0.966219,0.2944,True,7.51,126.64
2026-08-02T15:00:29.807,cardboard,0.970282,0.2925,True,7.51,132.00
2026-08-02T15:00:30.199,cardboard,0.969572,0.2924,True,7.71,135.76
2026-08-02T15:00:30.607,cardboard,0.965008,0.2904,True,7.71,135.35
2026-08-02T15:00:31.100,cardboard,0.964993,0.2918,True,7.71,135.26
2026-08-02T15:00:31.516,cardboard,0.964272,0.2915,True,6.27,125.62
2026-08-02T15:00:31.903,cardboard,0.966472,0.2915,True,6.27,128.69
2026-08-02T15:00:32.299,cardboard,0.963015,0.2907,True,6.27,123.36
2026-08-02T15:00:32.722,cardboard,0.964963,0.2935,True,7.50,123.10
2026-08-02T15:00:33.162,cardboard,0.965402,0.2909,True,7.50,155.73
2026-08-02T15:00:33.535,cardboard,0.965612,0.2909,True,7.77,128.31
2026-08-02T15:00:33.933,cardboard,0.967891,0.2912,True,7.77,114.05
2026-08-02T15:00:34.344,cardboard,0.967964,0.2915,True,7.77,118.22
2026-08-02T15:00:34.767,cardboard,0.963019,0.2915,True,6.89,151.49
2026-08-02T15:00:35.161,cardboard,0.962804,0.2905,True,6.89,158.21
2026-08-02T15:00:35.894,cardboard,0.958554,0.2905,True,7.75,330.15
2026-08-02T15:00:36.500,cardboard,0.958935,0.2905,True,7.75,250.23
2026-08-02T15:00:37.055,cardboard,0.960385,0.2891,True,3.56,215.65
2026-08-02T15:00:37.508,cardboard,0.949048,0.2905,True,3.56,205.33
2026-08-02T15:00:38.012,cardboard,0.953753,0.2920,True,5.94,132.20
2026-08-02T15:00:38.478,cardboard,0.958319,0.2921,True,5.94,150.26
2026-08-02T15:00:38.872,cardboard,0.962426,0.2890,True,6.69,126.08
2026-08-02T15:00:39.264,cardboard,0.964199,0.2890,True,6.69,133.23
2026-08-02T15:00:39.672,cardboard,0.955034,0.2906,True,6.69,135.46
2026-08-02T15:00:40.419,cardboard,0.959490,0.2884,True,7.16,251.62
2026-08-02T15:00:40.986,cardboard,0.960600,0.2887,True,4.94,202.01
2026-08-02T15:00:41.423,cardboard,0.945776,0.2907,True,4.94,175.16
2026-08-02T15:00:41.824,cardboard,0.955237,0.2897,True,4.94,125.33
2026-08-02T15:00:42.222,cardboard,0.959394,0.2895,True,6.14,116.37
2026-08-02T15:00:42.616,cardboard,0.959177,0.2886,True,6.14,119.50
2026-08-02T15:00:43.000,cardboard,0.964164,0.2886,True,6.14,118.32
2026-08-02T15:00:43.375,cardboard,0.960925,0.2878,True,7.65,122.08
2026-08-02T15:00:43.799,cardboard,0.958758,0.2906,True,7.65,122.39
2026-08-02T15:00:44.190,cardboard,0.955495,0.2909,True,7.65,112.67
2026-08-02T15:00:44.566,cardboard,0.958118,0.2920,True,7.56,134.20
2026-08-02T15:00:44.983,cardboard,0.955529,0.2929,True,7.56,121.18
2026-08-02T15:00:45.395,cardboard,0.954450,0.2925,True,7.56,119.96
2026-08-02T15:00:45.810,cardboard,0.955752,0.2918,True,7.48,116.21
2026-08-02T15:00:46.200,cardboard,0.945306,0.2906,True,7.48,120.68
2026-08-02T15:00:46.558,cardboard,0.939867,0.2907,True,7.48,120.28
2026-08-02T15:00:46.964,cardboard,0.947269,0.2907,True,7.73,121.54
2026-08-02T15:00:47.348,cardboard,0.940882,0.2908,True,7.73,120.28
2026-08-02T15:00:47.735,cardboard,0.929392,0.2895,True,7.73,114.56
2026-08-02T15:00:48.122,cardboard,0.944015,0.2886,True,7.65,115.75
2026-08-02T15:00:48.515,cardboard,0.950841,0.2899,True,7.65,120.01
2026-08-02T15:00:48.925,cardboard,0.953666,0.2904,True,7.65,119.83
2026-08-02T15:00:49.321,cardboard,0.953974,0.2913,True,7.56,117.38
2026-08-02T15:00:49.715,cardboard,0.955957,0.2925,True,7.56,117.01
2026-08-02T15:00:50.098,cardboard,0.962829,0.2925,True,7.56,123.06
2026-08-02T15:00:50.496,cardboard,0.959206,0.2904,True,7.67,120.27
2026-08-02T15:00:50.885,cardboard,0.963543,0.2915,True,7.67,123.95
2026-08-02T15:00:51.293,cardboard,0.965535,0.2912,True,7.67,125.84
2026-08-02T15:00:51.661,cardboard,0.963649,0.2900,True,7.53,115.02
2026-08-02T15:00:52.064,cardboard,0.959133,0.2886,True,7.53,122.86
2026-08-02T15:00:52.472,cardboard,0.954480,0.2891,True,7.53,116.22
2026-08-02T15:00:52.865,cardboard,0.958080,0.2891,True,7.64,118.07
2026-08-02T15:00:53.262,cardboard,0.959296,0.2886,True,7.64,122.57
2026-08-02T15:00:53.659,cardboard,0.958625,0.2881,True,7.64,119.92
2026-08-02T15:00:54.087,cardboard,0.960439,0.2881,True,7.57,128.02
2026-08-02T15:00:54.474,cardboard,0.958156,0.2886,True,7.57,122.39
2026-08-02T15:00:54.903,cardboard,0.951767,0.2892,True,7.68,118.85
2026-08-02T15:00:55.301,cardboard,0.953427,0.2898,True,7.68,117.85
2026-08-02T15:00:55.683,cardboard,0.940891,0.2904,True,7.68,124.22
2026-08-02T15:00:56.091,cardboard,0.950917,0.2911,True,7.46,123.93
2026-08-02T15:00:56.486,cardboard,0.960034,0.2897,True,7.46,121.01
2026-08-02T15:00:56.904,cardboard,0.958301,0.2872,True,7.46,125.04
2026-08-02T15:00:57.302,cardboard,0.960280,0.2879,True,7.07,117.03
2026-08-02T15:00:57.719,cardboard,0.961600,0.2883,True,7.07,124.26
2026-08-02T15:00:58.121,cardboard,0.963927,0.2883,True,7.07,137.95
2026-08-02T15:00:58.509,cardboard,0.964502,0.2885,True,7.40,120.05
2026-08-02T15:00:58.983,cardboard,0.962434,0.2885,True,7.40,158.45
2026-08-02T15:00:59.367,cardboard,0.963133,0.2899,True,7.59,120.86
2026-08-02T15:00:59.833,cardboard,0.950079,0.2908,True,7.59,138.43
2026-08-02T15:01:00.207,cardboard,0.961206,0.2902,True,7.59,135.17
2026-08-02T15:01:00.603,cardboard,0.963198,0.2901,True,6.79,151.60
2026-08-02T15:01:01.113,cardboard,0.954008,0.2905,True,6.79,235.10
2026-08-02T15:01:01.505,cardboard,0.950527,0.2931,True,7.41,121.95
2026-08-02T15:01:01.893,cardboard,0.956169,0.2917,True,7.41,126.16
2026-08-02T15:01:02.313,cardboard,0.958821,0.2905,True,7.41,143.41
2026-08-02T15:01:02.696,cardboard,0.957862,0.2900,True,6.82,122.23
2026-08-02T15:01:03.134,cardboard,0.962939,0.2900,True,6.82,148.64
2026-08-02T15:01:03.526,cardboard,0.960742,0.2899,True,6.82,128.94
2026-08-02T15:01:03.916,cardboard,0.952920,0.2906,True,7.42,119.11
2026-08-02T15:01:04.299,cardboard,0.955700,0.2909,True,7.42,121.90
2026-08-02T15:01:04.697,cardboard,0.953877,0.2909,True,7.42,121.27
2026-08-02T15:01:05.084,cardboard,0.957707,0.2909,True,7.69,122.13
2026-08-02T15:01:05.484,cardboard,0.958596,0.2898,True,7.69,122.68
2026-08-02T15:01:05.873,cardboard,0.947624,0.2898,True,7.69,118.47
2026-08-02T15:01:06.281,cardboard,0.951226,0.2898,True,7.65,121.35
2026-08-02T15:01:06.684,cardboard,0.941279,0.2909,True,7.65,122.61
2026-08-02T15:01:07.083,cardboard,0.948275,0.2924,True,7.91,122.98
2026-08-02T15:01:07.511,cardboard,0.950403,0.2917,True,7.91,146.33
2026-08-02T15:01:07.934,cardboard,0.959014,0.2898,True,7.91,143.14
2026-08-02T15:01:08.342,cardboard,0.960882,0.2893,True,6.68,163.82
2026-08-02T15:01:08.811,cardboard,0.968439,0.2893,True,6.68,232.69
2026-08-02T15:01:09.262,cardboard,0.963807,0.2901,True,7.36,150.52
2026-08-02T15:01:09.663,cardboard,0.957240,0.2905,True,7.36,132.89
2026-08-02T15:01:10.068,cardboard,0.961232,0.2925,True,7.36,131.76
2026-08-02T15:01:10.465,cardboard,0.957223,0.2925,True,6.68,126.86
2026-08-02T15:01:10.844,cardboard,0.957525,0.2907,True,6.68,131.60
2026-08-02T15:01:11.257,cardboard,0.962708,0.2919,True,6.68,124.84
2026-08-02T15:01:11.666,cardboard,0.950969,0.2924,True,7.57,133.15
2026-08-02T15:01:12.075,cardboard,0.954465,0.2950,True,7.57,128.81
2026-08-02T15:01:12.489,cardboard,0.952650,0.2956,True,7.89,127.01
2026-08-02T15:01:12.870,cardboard,0.953898,0.2911,True,7.89,127.84
2026-08-02T15:01:13.275,cardboard,0.954091,0.2902,True,7.89,133.69
2026-08-02T15:01:13.692,cardboard,0.956694,0.2908,True,6.97,124.01
2026-08-02T15:01:14.094,cardboard,0.959858,0.2894,True,6.97,132.83
2026-08-02T15:01:14.514,cardboard,0.956036,0.2890,True,7.99,136.61
2026-08-02T15:01:14.905,cardboard,0.950698,0.2906,True,7.99,130.49
2026-08-02T15:01:15.313,cardboard,0.954450,0.2905,True,7.99,146.32
2026-08-02T15:01:15.739,cardboard,0.960737,0.2911,True,6.75,128.46
2026-08-02T15:01:16.147,cardboard,0.957694,0.2911,True,6.75,124.33
2026-08-02T15:01:16.538,cardboard,0.956842,0.2918,True,7.89,130.05
2026-08-02T15:01:16.937,cardboard,0.950678,0.2918,True,7.89,126.14
2026-08-02T15:01:17.330,cardboard,0.954179,0.2920,True,7.89,126.87
2026-08-02T15:01:17.711,cardboard,0.953774,0.2919,True,6.99,132.27
2026-08-02T15:01:18.113,cardboard,0.953421,0.2920,True,6.99,129.34
2026-08-02T15:01:18.497,cardboard,0.956165,0.2920,True,6.99,123.17
2026-08-02T15:01:18.908,cardboard,0.950520,0.2924,True,7.70,124.12
2026-08-02T15:01:19.295,cardboard,0.955984,0.2899,True,7.70,124.59
2026-08-02T15:01:19.697,cardboard,0.954518,0.2930,True,7.70,134.09
2026-08-02T15:01:20.103,cardboard,0.961365,0.2930,True,7.50,123.38
2026-08-02T15:01:20.516,cardboard,0.959239,0.2941,True,7.50,129.52
2026-08-02T15:01:20.915,cardboard,0.952629,0.2898,True,7.90,124.09
2026-08-02T15:01:21.357,cardboard,0.945706,0.2911,True,7.90,147.85
2026-08-02T15:01:21.760,cardboard,0.943974,0.2911,True,7.90,124.56
2026-08-02T15:01:22.177,cardboard,0.944360,0.2892,True,6.66,129.97
2026-08-02T15:01:22.585,cardboard,0.946331,0.2892,True,6.66,124.75
2026-08-02T15:01:22.989,cardboard,0.950400,0.2897,True,7.93,143.76
2026-08-02T15:01:23.475,cardboard,0.955281,0.2898,True,7.93,147.04
2026-08-02T15:01:23.896,cardboard,0.945340,0.2898,True,7.93,124.79
2026-08-02T15:01:24.328,cardboard,0.949558,0.2898,True,6.21,127.71
2026-08-02T15:01:24.743,cardboard,0.957755,0.2891,True,6.21,125.87
2026-08-02T15:01:25.128,cardboard,0.953120,0.2891,True,7.91,123.60
2026-08-02T15:01:25.513,cardboard,0.956183,0.2891,True,7.91,127.93
2026-08-02T15:01:25.934,cardboard,0.948574,0.2920,True,7.91,125.07
2026-08-02T15:01:26.322,cardboard,0.950499,0.2904,True,6.82,125.86
2026-08-02T15:01:26.701,cardboard,0.957345,0.2907,True,6.82,129.13
2026-08-02T15:01:27.094,cardboard,0.958533,0.2912,True,6.82,131.39
2026-08-02T15:01:27.504,cardboard,0.960135,0.2924,True,7.76,135.51
2026-08-02T15:01:27.907,cardboard,0.960578,0.2920,True,7.76,129.76
2026-08-02T15:01:28.318,cardboard,0.960817,0.2915,True,7.76,134.03
2026-08-02T15:01:28.707,cardboard,0.960181,0.2899,True,7.35,125.84
2026-08-02T15:01:29.116,cardboard,0.960821,0.2891,True,7.35,127.72
2026-08-02T15:01:29.497,cardboard,0.963205,0.2909,True,7.35,127.56
2026-08-02T15:01:29.911,cardboard,0.963762,0.2921,True,7.63,130.28
2026-08-02T15:01:30.330,cardboard,0.960681,0.2904,True,7.63,125.93
2026-08-02T15:01:30.731,cardboard,0.960352,0.2904,True,7.97,125.35
2026-08-02T15:01:31.135,cardboard,0.964727,0.2897,True,7.97,127.80
2026-08-02T15:01:31.555,cardboard,0.967101,0.2904,True,7.97,131.27
2026-08-02T15:01:31.919,cardboard,0.966856,0.2904,True,6.64,126.25
2026-08-02T15:01:32.327,cardboard,0.966207,0.2909,True,6.64,132.73
2026-08-02T15:01:32.738,cardboard,0.955782,0.2926,True,6.64,128.31
2026-08-02T15:01:33.161,cardboard,0.951340,0.2931,True,7.62,157.58
2026-08-02T15:01:33.579,cardboard,0.955833,0.2905,True,7.62,148.04
2026-08-02T15:01:34.046,cardboard,0.948172,0.2913,True,7.44,131.61
2026-08-02T15:01:34.466,cardboard,0.956989,0.2908,True,7.44,144.00
2026-08-02T15:01:34.870,cardboard,0.962673,0.2905,True,7.44,129.52
2026-08-02T15:01:35.266,cardboard,0.959417,0.2905,True,6.61,125.71
2026-08-02T15:01:35.703,cardboard,0.953758,0.2901,True,6.61,123.43
2026-08-02T15:01:36.111,cardboard,0.961289,0.2899,True,7.84,127.83
2026-08-02T15:01:36.528,cardboard,0.959002,0.2897,True,7.84,140.45
2026-08-02T15:01:36.968,cardboard,0.958781,0.2897,True,7.84,159.72
2026-08-02T15:01:37.396,cardboard,0.959104,0.2886,True,6.50,144.83
2026-08-02T15:01:37.829,cardboard,0.959714,0.2897,True,6.50,146.46
2026-08-02T15:01:38.254,cardboard,0.956812,0.2888,True,7.65,137.46
2026-08-02T15:01:38.643,cardboard,0.946053,0.2890,True,7.65,130.11
2026-08-02T15:01:39.046,cardboard,0.937568,0.2890,True,7.65,127.84
2026-08-02T15:01:39.442,cardboard,0.948547,0.2890,True,6.78,142.20
2026-08-02T15:01:39.952,cardboard,0.956164,0.2924,True,6.78,253.87
2026-08-02T15:01:40.367,cardboard,0.957295,0.2902,True,7.26,140.20
2026-08-02T15:01:40.780,cardboard,0.947866,0.2897,True,7.26,141.90
2026-08-02T15:01:41.188,cardboard,0.952611,0.2901,True,7.26,140.00
2026-08-02T15:01:41.599,cardboard,0.945375,0.2904,True,6.73,128.15
2026-08-02T15:01:42.005,cardboard,0.951289,0.2904,True,6.73,140.10
2026-08-02T15:01:42.454,cardboard,0.950817,0.2900,True,7.87,158.89
2026-08-02T15:01:42.905,cardboard,0.955577,0.2900,True,7.87,165.55
2026-08-02T15:01:43.352,cardboard,0.955763,0.2900,True,7.87,157.86
2026-08-02T15:01:43.732,cardboard,0.955298,0.2900,True,6.10,139.23
2026-08-02T15:01:44.166,cardboard,0.956620,0.2897,True,6.10,145.66
2026-08-02T15:01:44.561,cardboard,0.952095,0.2898,True,6.10,139.54
2026-08-02T15:01:44.963,cardboard,0.922730,0.2900,True,7.44,128.59
2026-08-02T15:01:45.377,cardboard,0.935562,0.2920,True,7.44,127.53
2026-08-02T15:01:45.826,cardboard,0.945590,0.2904,True,7.93,147.11
2026-08-02T15:01:46.340,cardboard,0.952284,0.2906,True,7.93,158.72
2026-08-02T15:01:46.772,cardboard,0.953660,0.2906,True,7.93,151.93
2026-08-02T15:01:47.225,cardboard,0.951187,0.2918,True,5.82,158.11
2026-08-02T15:01:47.673,cardboard,0.949497,0.2918,True,5.82,153.10
2026-08-02T15:01:48.084,cardboard,0.957798,0.2895,True,7.40,143.38
2026-08-02T15:01:48.529,cardboard,0.958390,0.2894,True,7.40,148.33
2026-08-02T15:01:48.946,cardboard,0.958152,0.2902,True,7.40,147.21
2026-08-02T15:01:49.355,cardboard,0.959845,0.2905,True,6.41,147.35
2026-08-02T15:01:49.738,cardboard,0.956570,0.2902,True,6.41,146.80
2026-08-02T15:01:50.133,cardboard,0.955520,0.2894,True,6.41,146.42
2026-08-02T15:01:50.549,cardboard,0.950475,0.2917,True,7.59,145.42
2026-08-02T15:01:50.993,cardboard,0.948859,0.2909,True,7.59,153.52
2026-08-02T15:01:51.419,cardboard,0.950958,0.2917,True,7.77,156.29
2026-08-02T15:01:51.885,cardboard,0.960406,0.2949,True,7.77,214.27
2026-08-02T15:01:52.357,cardboard,0.965720,0.2943,True,7.77,122.09
2026-08-02T15:01:52.782,cardboard,0.965814,0.2917,True,5.86,124.17
2026-08-02T15:01:53.153,cardboard,0.963717,0.2904,True,5.86,126.42
2026-08-02T15:01:53.528,cardboard,0.964123,0.2885,True,5.86,116.31
2026-08-02T15:01:53.902,cardboard,0.958978,0.2886,True,7.68,120.95
2026-08-02T15:01:54.301,cardboard,0.962837,0.2906,True,7.68,118.05
2026-08-02T15:01:54.693,cardboard,0.967551,0.2890,True,7.68,120.54
2026-08-02T15:01:55.090,cardboard,0.967825,0.2904,True,7.72,121.62
2026-08-02T15:01:55.475,cardboard,0.956183,0.2925,True,7.72,120.33
2026-08-02T15:01:55.840,cardboard,0.958701,0.2939,True,7.72,118.28
2026-08-02T15:01:56.236,cardboard,0.957652,0.2925,True,7.85,115.71
2026-08-02T15:01:56.618,cardboard,0.961142,0.2877,True,7.85,118.60
2026-08-02T15:01:57.012,cardboard,0.952054,0.2885,True,7.85,117.37
2026-08-02T15:01:57.396,cardboard,0.951545,0.2908,True,7.68,120.39
2026-08-02T15:01:57.803,cardboard,0.955878,0.2908,True,7.68,122.53
2026-08-02T15:01:58.217,cardboard,0.964864,0.2919,True,7.68,117.41
2026-08-02T15:01:58.609,cardboard,0.965673,0.2898,True,7.47,117.98
2026-08-02T15:01:59.000,cardboard,0.966516,0.2898,True,7.47,121.87
2026-08-02T15:01:59.383,cardboard,0.966912,0.2927,True,7.47,119.83
2026-08-02T15:01:59.767,cardboard,0.967292,0.2949,True,7.72,122.56
2026-08-02T15:02:00.182,cardboard,0.965551,0.2927,True,7.72,125.30
2026-08-02T15:02:00.581,cardboard,0.967741,0.2926,True,7.72,121.70
2026-08-02T15:02:00.998,cardboard,0.965546,0.2926,True,7.51,119.84
2026-08-02T15:02:01.382,cardboard,0.963793,0.2912,True,7.51,119.04
2026-08-02T15:02:01.757,cardboard,0.967920,0.2914,True,7.51,122.40
2026-08-02T15:02:02.159,cardboard,0.966860,0.2919,True,7.65,122.58
2026-08-02T15:02:02.567,cardboard,0.964683,0.2897,True,7.65,119.91
2026-08-02T15:02:02.982,cardboard,0.965803,0.2897,True,7.99,120.43
2026-08-02T15:02:03.386,cardboard,0.971306,0.2920,True,7.99,117.54
2026-08-02T15:02:03.782,cardboard,0.970550,0.2949,True,7.99,130.74
2026-08-02T15:02:04.177,cardboard,0.959044,0.2949,True,6.83,120.76
2026-08-02T15:02:04.575,cardboard,0.948581,0.2904,True,6.83,121.20
2026-08-02T15:02:04.951,cardboard,0.956859,0.2884,True,6.83,121.93
2026-08-02T15:02:05.327,cardboard,0.963099,0.2892,True,7.71,112.27
2026-08-02T15:02:05.767,cardboard,0.962799,0.2901,True,7.71,118.76
2026-08-02T15:02:06.170,cardboard,0.963167,0.2892,True,7.71,121.50
2026-08-02T15:02:06.564,cardboard,0.953698,0.2909,True,7.38,120.76
2026-08-02T15:02:06.984,cardboard,0.961841,0.2902,True,7.38,123.05
2026-08-02T15:02:07.399,cardboard,0.960588,0.2921,True,7.86,121.57
2026-08-02T15:02:07.815,cardboard,0.961509,0.2921,True,7.86,119.18
2026-08-02T15:02:08.204,cardboard,0.966240,0.2947,True,7.86,116.39
2026-08-02T15:02:08.593,cardboard,0.966103,0.2947,True,6.89,118.89
2026-08-02T15:02:09.007,cardboard,0.973758,0.2947,True,6.89,117.81
2026-08-02T15:02:09.400,cardboard,0.975369,0.2949,True,6.89,118.52
2026-08-02T15:02:09.806,cardboard,0.971032,0.2960,True,7.52,123.79
2026-08-02T15:02:10.221,cardboard,0.973401,0.2960,True,7.52,123.08
2026-08-02T15:02:10.605,cardboard,0.972231,0.2960,True,8.00,118.75
2026-08-02T15:02:10.991,cardboard,0.969533,0.2949,True,8.00,118.54
2026-08-02T15:02:11.386,cardboard,0.973053,0.2951,True,8.00,120.30
2026-08-02T15:02:11.767,cardboard,0.972184,0.2949,True,7.59,128.45
2026-08-02T15:02:12.169,cardboard,0.973116,0.2948,True,7.59,122.38
2026-08-02T15:02:12.587,cardboard,0.971097,0.2956,True,7.59,119.96
2026-08-02T15:02:13.009,cardboard,0.972082,0.2942,True,7.07,117.42
2026-08-02T15:02:13.383,cardboard,0.970781,0.2943,True,7.07,120.68
2026-08-02T15:02:13.801,cardboard,0.971622,0.2919,True,7.07,124.58
2026-08-02T15:02:14.182,cardboard,0.976951,0.2911,True,7.41,125.59
2026-08-02T15:02:14.585,cardboard,0.975275,0.2961,True,7.41,121.98
2026-08-02T15:02:14.954,cardboard,0.974134,0.2961,True,7.41,120.41
2026-08-02T15:02:15.330,cardboard,0.963021,0.2950,True,7.81,115.10
2026-08-02T15:02:15.719,cardboard,0.955865,0.2924,True,7.81,116.76
2026-08-02T15:02:16.104,cardboard,0.962680,0.2931,True,7.81,118.53
2026-08-02T15:02:16.520,cardboard,0.961257,0.2956,True,7.82,118.19
2026-08-02T15:02:16.923,cardboard,0.960851,0.2956,True,7.82,115.02
2026-08-02T15:02:17.342,cardboard,0.966865,0.2930,True,7.75,121.50
2026-08-02T15:02:17.727,cardboard,0.959414,0.2932,True,7.75,115.50
2026-08-02T15:02:18.126,cardboard,0.951670,0.2923,True,7.75,116.73
2026-08-02T15:02:18.524,cardboard,0.952379,0.2936,True,7.47,116.47
2026-08-02T15:02:18.958,cardboard,0.956296,0.2936,True,7.47,122.96
2026-08-02T15:02:19.358,cardboard,0.956108,0.2950,True,7.47,120.10
2026-08-02T15:02:19.753,cardboard,0.956024,0.2907,True,6.96,121.98
2026-08-02T15:02:20.103,cardboard,0.954695,0.2915,True,6.96,118.31
2026-08-02T15:02:20.474,cardboard,0.959341,0.2920,True,6.96,122.04
2026-08-02T15:02:20.852,cardboard,0.957998,0.2915,True,8.07,119.55
2026-08-02T15:02:21.259,cardboard,0.963383,0.2906,True,8.07,123.83
2026-08-02T15:02:21.677,cardboard,0.963471,0.2902,True,8.07,117.85
2026-08-02T15:02:22.031,cardboard,0.960282,0.2902,True,7.48,116.72
2026-08-02T15:02:22.417,cardboard,0.957643,0.2901,True,7.48,112.62
2026-08-02T15:02:22.811,cardboard,0.959262,0.2905,True,7.48,116.94
2026-08-02T15:02:23.201,cardboard,0.955212,0.2893,True,7.93,114.38
2026-08-02T15:02:23.562,cardboard,0.951744,0.2909,True,7.93,121.15
2026-08-02T15:02:23.992,cardboard,0.953832,0.2912,True,7.93,152.33
2026-08-02T15:02:24.370,cardboard,0.951361,0.2906,True,7.62,121.02
2026-08-02T15:02:24.755,cardboard,0.946878,0.2902,True,7.62,121.69
2026-08-02T15:02:25.154,cardboard,0.947236,0.2887,True,7.62,120.48
2026-08-02T15:02:25.563,cardboard,0.956889,0.2886,True,7.74,120.35
2026-08-02T15:02:25.967,cardboard,0.962109,0.2908,True,7.74,123.94
2026-08-02T15:02:26.343,cardboard,0.963106,0.2919,True,7.74,121.20
2026-08-02T15:02:26.751,cardboard,0.959699,0.2919,True,7.57,123.06
2026-08-02T15:02:27.191,cardboard,0.962470,0.2905,True,7.57,118.86
2026-08-02T15:02:27.582,cardboard,0.962379,0.2900,True,7.78,120.46
2026-08-02T15:02:27.989,cardboard,0.963181,0.2900,True,7.78,120.40
2026-08-02T15:02:28.391,cardboard,0.950637,0.2905,True,7.78,119.93
2026-08-02T15:02:28.777,cardboard,0.949826,0.2902,True,6.86,122.98
2026-08-02T15:02:29.181,cardboard,0.952830,0.2902,True,6.86,120.94
2026-08-02T15:02:29.623,cardboard,0.955990,0.2911,True,7.81,117.17
2026-08-02T15:02:30.020,cardboard,0.959904,0.2906,True,7.81,117.05
2026-08-02T15:02:30.403,cardboard,0.959888,0.2914,True,7.81,117.00
2026-08-02T15:02:30.796,cardboard,0.963099,0.9633,True,7.43,123.34
2026-08-02T15:02:31.179,cardboard,0.957783,0.9633,True,7.43,117.84
2026-08-02T15:02:31.592,cardboard,0.955413,0.9607,True,7.43,120.07
2026-08-02T15:02:31.983,cardboard,0.958577,0.9594,True,7.28,118.26
2026-08-02T15:02:32.381,cardboard,0.956122,0.9594,True,7.28,118.97
2026-08-02T15:02:32.780,cardboard,0.950799,0.9581,True,7.28,122.79
2026-08-02T15:02:33.225,cardboard,0.951830,0.9607,True,7.58,119.77
2026-08-02T15:02:33.637,cardboard,0.959381,0.9646,True,7.58,117.74
2026-08-02T15:02:34.031,cardboard,0.967973,0.9646,True,7.70,114.69
2026-08-02T15:02:34.418,cardboard,0.963963,0.9646,True,7.70,115.24
2026-08-02T15:02:34.818,cardboard,0.967711,0.9659,True,7.70,115.59
2026-08-02T15:02:35.163,cardboard,0.972725,0.9659,True,7.54,116.09
2026-08-02T15:02:35.571,cardboard,0.973787,0.9646,True,7.54,124.09
2026-08-02T15:02:35.981,cardboard,0.962079,0.9659,True,7.54,116.51
2026-08-02T15:02:36.387,cardboard,0.966412,0.9646,True,7.27,120.09
2026-08-02T15:02:36.769,cardboard,0.960071,0.9646,True,7.27,123.41
2026-08-02T15:02:37.163,cardboard,0.966372,0.9633,True,7.27,121.64
2026-08-02T15:02:37.571,cardboard,0.964959,0.9646,True,7.61,122.66
2026-08-02T15:02:37.965,cardboard,0.961892,0.9633,True,7.61,120.37
2026-08-02T15:02:38.358,cardboard,0.967830,0.9646,True,7.61,122.11
2026-08-02T15:02:38.775,cardboard,0.964325,0.9569,True,7.54,122.68
2026-08-02T15:02:39.174,cardboard,0.966567,0.9620,True,7.54,125.20
2026-08-02T15:02:39.562,cardboard,0.959626,0.9620,True,7.54,120.76
2026-08-02T15:02:39.945,cardboard,0.964245,0.9659,True,7.47,123.15
2026-08-02T15:02:40.322,cardboard,0.961145,0.9659,True,7.47,114.97
2026-08-02T15:02:40.695,cardboard,0.952721,0.9659,True,7.47,120.05
2026-08-02T15:02:41.093,cardboard,0.953797,0.9607,True,7.95,119.90
2026-08-02T15:02:41.508,cardboard,0.960253,0.9672,True,7.95,117.02
2026-08-02T15:02:41.904,cardboard,0.960505,0.9659,True,7.85,122.23
2026-08-02T15:02:42.362,cardboard,0.961226,0.9646,True,7.85,163.17
2026-08-02T15:02:42.865,cardboard,0.968076,0.9646,True,7.85,135.06
2026-08-02T15:02:43.284,cardboard,0.972283,0.9646,True,6.08,143.27
2026-08-02T15:02:43.720,cardboard,0.967519,0.9646,True,6.08,146.30
2026-08-02T15:02:44.120,cardboard,0.963534,0.9594,True,7.81,124.56
2026-08-02T15:02:44.528,cardboard,0.963065,0.9646,True,7.81,118.95
2026-08-02T15:02:44.936,cardboard,0.966984,0.9646,True,7.81,114.07
2026-08-02T15:02:45.328,cardboard,0.969317,0.9672,True,6.69,120.69
2026-08-02T15:02:45.751,cardboard,0.962523,0.9672,True,6.69,121.97
2026-08-02T15:02:46.130,cardboard,0.964718,0.9672,True,6.69,119.40
2026-08-02T15:02:46.517,cardboard,0.969058,0.9672,True,7.53,115.34
2026-08-02T15:02:46.928,cardboard,0.970140,0.9672,True,7.53,140.63
2026-08-02T15:02:47.327,cardboard,0.969313,0.9659,True,7.53,118.04
2026-08-02T15:02:47.720,cardboard,0.963333,0.9646,True,7.52,115.95
2026-08-02T15:02:48.145,cardboard,0.962672,0.9646,True,7.52,122.21
2026-08-02T15:02:48.523,cardboard,0.963243,0.9633,True,7.52,119.97
2026-08-02T15:02:48.954,cardboard,0.962951,0.9659,True,7.53,122.73
2026-08-02T15:02:49.404,cardboard,0.966937,0.9672,True,7.53,158.95
2026-08-02T15:02:49.870,cardboard,0.972662,0.9672,True,7.40,150.09
2026-08-02T15:02:50.261,cardboard,0.973856,0.9633,True,7.40,119.18
2026-08-02T15:02:50.676,cardboard,0.962714,0.9633,True,7.40,146.97
2026-08-02T15:02:51.072,cardboard,0.961948,0.9672,True,6.53,123.47
2026-08-02T15:02:51.483,cardboard,0.961898,0.9672,True,6.53,132.34
2026-08-02T15:02:51.886,cardboard,0.965618,0.9672,True,6.53,119.51
2026-08-02T15:02:52.279,cardboard,0.971913,0.9672,True,7.44,112.48
2026-08-02T15:02:52.687,cardboard,0.974773,0.9659,True,7.44,139.92
2026-08-02T15:02:53.081,cardboard,0.972356,0.9659,True,7.44,118.55
2026-08-02T15:02:53.469,cardboard,0.971661,0.9672,True,7.53,116.04
2026-08-02T15:02:53.827,cardboard,0.974391,0.9672,True,7.53,120.65
2026-08-02T15:02:54.233,cardboard,0.973772,0.9659,True,7.53,123.47
2026-08-02T15:02:54.623,cardboard,0.973102,0.9659,True,7.81,119.97
2026-08-02T15:02:55.014,cardboard,0.970575,0.9659,True,7.81,122.38
2026-08-02T15:02:55.409,cardboard,0.974275,0.9659,True,7.81,123.16
2026-08-02T15:02:55.786,cardboard,0.975728,0.9659,True,7.65,114.88
2026-08-02T15:02:56.169,cardboard,0.977611,0.9672,True,7.65,128.44
2026-08-02T15:02:56.569,cardboard,0.974655,0.9646,True,7.65,123.16
2026-08-02T15:02:56.982,cardboard,0.975785,0.9646,True,7.76,118.73
2026-08-02T15:02:57.373,cardboard,0.978354,0.9646,True,7.76,129.18
2026-08-02T15:02:57.726,cardboard,0.962056,0.9620,True,7.76,115.61
2026-08-02T15:02:58.126,cardboard,0.967838,0.9659,True,7.78,121.98
2026-08-02T15:02:58.526,cardboard,0.964995,0.9698,True,7.78,120.98
2026-08-02T15:02:58.904,cardboard,0.963559,0.9672,True,7.78,112.41
2026-08-02T15:02:59.361,cardboard,0.953379,0.9659,True,7.64,130.69
2026-08-02T15:02:59.753,cardboard,0.959226,0.9633,True,7.64,127.61
2026-08-02T15:03:00.134,cardboard,0.949430,0.9646,True,7.89,116.24
2026-08-02T15:03:00.569,cardboard,0.948569,0.9659,True,7.89,121.08
2026-08-02T15:03:00.971,cardboard,0.951226,0.9659,True,7.89,123.65
2026-08-02T15:03:01.366,cardboard,0.955018,0.9646,True,6.64,119.48
2026-08-02T15:03:01.760,cardboard,0.949460,0.9646,True,6.64,122.82
2026-08-02T15:03:02.146,cardboard,0.959438,0.9633,True,6.64,114.77
2026-08-02T15:03:02.581,cardboard,0.957614,0.9607,True,7.66,120.77
2026-08-02T15:03:02.984,cardboard,0.950477,0.9607,True,7.66,120.74
2026-08-02T15:03:03.388,cardboard,0.954494,0.9633,True,7.77,123.23
2026-08-02T15:03:03.795,cardboard,0.958164,0.9633,True,7.77,121.07
2026-08-02T15:03:04.114,cardboard,0.965987,0.9672,True,7.77,121.80
2026-08-02T15:03:04.389,cardboard,0.970681,0.9672,True,8.65,122.18
2026-08-02T15:03:04.689,cardboard,0.976812,0.9659,True,8.65,119.73
2026-08-02T15:03:04.972,cardboard,0.971046,0.9633,True,8.65,116.43
2026-08-02T15:03:05.339,cardboard,0.967015,0.9659,True,8.65,115.61
2026-08-02T15:03:05.641,cardboard,0.963089,0.9659,True,8.91,113.06
2026-08-02T15:03:05.955,cardboard,0.969055,0.9672,True,8.91,122.89
